order_id,account_id,company,status,currency,subtotal,tax,total,created_at
1,27611,"Boone, Gallagher and Scott",invoiced,USD,2180.45,152.63,2333.08,2026-03-01T12:26:08.094369Z
2,17412,Miller and Sons,paid,USD,0.37,0.03,0.4,2026-03-01T12:27:02.690395Z
3,41190,"Stephens, Wood and Munoz",paid,USD,1.15,0.08,1.23,2026-03-01T12:26:08.113402Z
4,40939,Garcia-Foster,invoiced,GBP,0.28,0.06,0.34,2026-03-01T12:26:08.132883Z
5,91644,Harmon-Pope,confirmed,EUR,0.06,0.01,0.07,2026-03-01T12:26:08.068056Z
6,85211,Washington LLC,invoiced,USD,783.98,54.88,838.86,2026-03-01T12:26:08.072285Z
7,52445,Foster Inc,invoiced,GBP,2.88,0.58,3.46,2026-03-01T12:26:08.065019Z
8,39714,Rivers-Martinez,confirmed,GBP,1334.0,266.8,1600.8,2026-03-01T12:26:08.069075Z
9,70687,"Brooks, Taylor and Delacruz",paid,GBP,1.08,0.22,1.3,2026-03-01T12:26:08.128161Z
10,84894,Patterson PLC,created,EUR,261.3,52.26,313.56,2026-03-01T12:26:08.067009Z
11,69294,"Vincent, Harrington and Hayes",created,USD,1287.0,90.09,1377.09,2026-03-01T12:26:08.070143Z
12,72202,Sandoval-Estrada,created,USD,261.25,18.29,279.54,2026-03-01T12:26:08.074519Z
13,43948,Jennings-Sutton,created,GBP,25568.0,5113.6,30681.6,2026-03-01T12:26:08.085478Z
14,24002,"Park, Pearson and Bentley",confirmed,GBP,841.74,168.35,1010.09,2026-03-01T12:26:08.071140Z
15,37391,Boyd Inc,created,USD,16318.0,1142.26,17460.26,2026-03-01T12:26:08.108665Z
16,57385,Castillo-Butler,created,USD,1.33,0.09,1.42,2026-03-01T12:26:08.073567Z
17,78417,Roman-Horne,created,EUR,957.0,191.4,1148.4,2026-03-01T12:26:08.124479Z
18,33758,Stanley LLC,confirmed,USD,7164.1,501.49,7665.59,2026-03-01T12:26:08.086661Z
19,98752,Glover PLC,confirmed,EUR,2.34,0.47,2.81,2026-03-01T12:26:08.140514Z
20,99948,Green Ltd,invoiced,EUR,0.57,0.11,0.68,2026-03-01T12:26:08.207882Z
21,31620,Norris-Reid,confirmed,GBP,35956.08,7191.22,43147.3,2026-03-01T12:26:08.248320Z
22,28398,Johnson Group,paid,EUR,0.87,0.17,1.04,2026-03-01T12:26:08.286973Z
23,47999,Smith LLC,created,USD,348.26,24.38,372.64,2026-03-01T12:26:08.335088Z
24,60182,"White, Murillo and Lee",invoiced,GBP,0.8,0.16,0.96,2026-03-01T12:26:08.355800Z
25,59409,Lewis LLC,invoiced,GBP,1.8,0.36,2.16,2026-03-01T12:27:02.698196Z
26,36575,"Harris, Burke and Brown",confirmed,GBP,870.0,174.0,1044.0,2026-03-01T12:27:02.790002Z
27,94999,Miles-Krueger,paid,EUR,38826.0,7765.2,46591.2,2026-03-01T12:26:08.529781Z
28,24805,"Anderson, Harper and Thompson",created,USD,8159.3,571.15,8730.45,2026-03-01T12:26:08.606611Z
29,81843,Reed PLC,confirmed,GBP,10246.24,2049.25,12295.49,2026-03-01T12:27:02.897321Z
30,80658,Carr-Howell,created,EUR,2726.14,545.23,3271.37,2026-03-01T12:26:08.706011Z
31,11609,Rodriguez-Long,paid,USD,2.16,0.15,2.31,2026-03-01T12:26:08.823937Z
32,20147,Thomas Ltd,created,EUR,7761.18,1552.24,9313.42,2026-03-01T12:26:08.852049Z
33,84754,Chen LLC,created,GBP,2.11,0.42,2.53,2026-03-01T12:26:08.872925Z
34,79328,Willis-Bridges,invoiced,GBP,36755.13,7351.03,44106.16,2026-03-01T12:26:08.933679Z
35,81918,Christensen-Burgess,confirmed,EUR,638.0,127.6,765.6,2026-03-01T12:26:08.982015Z
36,53083,Bird LLC,confirmed,GBP,6158.68,1231.74,7390.42,2026-03-01T12:26:09.100154Z
37,99391,"Davis, Williamson and Wilkinson",paid,GBP,2790.07,558.01,3348.08,2026-03-01T12:26:09.172329Z
38,93817,Patterson-Ramsey,paid,GBP,3383.0,676.6,4059.6,2026-03-01T12:26:09.206008Z
39,37505,Cruz-Lee,paid,GBP,0.21,0.04,0.25,2026-03-01T12:26:09.264128Z
40,70110,"Humphrey, Johnson and Campbell",confirmed,EUR,0.86,0.17,1.03,2026-03-01T12:26:09.301098Z
41,59941,Hall-Martin,confirmed,GBP,291.97,58.39,350.36,2026-03-01T12:26:09.382745Z
42,93810,Johnson LLC,paid,GBP,31161.15,6232.23,37393.38,2026-03-01T12:26:09.438649Z
43,15053,Horton-Thomas,created,EUR,31161.16,6232.23,37393.39,2026-03-01T12:26:09.505023Z
44,63547,"Weaver, Atkins and Thompson",confirmed,EUR,2.25,0.45,2.7,2026-03-01T12:26:09.470929Z
45,45635,Freeman-Miller,confirmed,GBP,3669.86,733.97,4403.83,2026-03-01T12:26:09.594952Z
46,20011,Williams-Matthews,confirmed,USD,10865.19,760.56,11625.75,2026-03-01T12:26:09.633666Z
47,56117,Jordan Group,invoiced,USD,19263.1,1348.42,20611.52,2026-03-01T12:27:02.863872Z
48,81848,Anderson-Dawson,paid,GBP,0.37,0.07,0.44,2026-03-01T12:26:09.740199Z
49,18766,Gutierrez-Rodriguez,paid,EUR,16782.2,3356.44,20138.64,2026-03-01T12:26:09.834269Z
50,75213,Diaz-Macdonald,invoiced,EUR,5557.0,1111.4,6668.4,2026-03-01T12:26:09.888825Z
51,41918,"Tran, Sanchez and Chaney",paid,USD,0.67,0.05,0.72,2026-03-01T12:26:09.876931Z
52,45168,Beard PLC,created,USD,5704.0,399.28,6103.28,2026-03-01T12:26:09.946222Z
53,90889,Bryant Ltd,paid,GBP,2178.0,435.6,2613.6,2026-03-01T12:26:09.982029Z
54,28019,Hawkins-Webb,confirmed,EUR,0.18,0.04,0.22,2026-03-01T12:26:10.091377Z
55,21841,Hernandez Ltd,paid,EUR,12537.29,2507.46,15044.75,2026-03-01T12:26:10.101670Z
56,83368,Wells PLC,invoiced,USD,0.49,0.03,0.52,2026-03-01T12:26:10.196411Z
57,15579,Lawrence-Smith,invoiced,USD,5175.03,362.25,5537.28,2026-03-01T12:26:10.274313Z
58,86121,Harris Ltd,confirmed,EUR,1.52,0.3,1.82,2026-03-01T12:26:10.323504Z
59,39384,Cantu Group,created,GBP,5174.15,1034.83,6208.98,2026-03-01T12:26:10.329921Z
60,50344,Lane-Baker,confirmed,USD,1.96,0.14,2.1,2026-03-01T12:26:10.360966Z
61,74813,Hawkins LLC,invoiced,USD,7427.08,519.9,7946.98,2026-03-01T12:26:10.464171Z
62,85400,Brown and Sons,invoiced,GBP,4.64,0.93,5.57,2026-03-01T12:26:10.570075Z
63,68345,Carter-Blankenship,paid,EUR,11186.48,2237.3,13423.78,2026-03-01T12:26:10.588794Z
64,72411,Mccoy Group,invoiced,EUR,1.15,0.23,1.38,2026-03-01T12:26:10.624570Z
65,64361,Roberts-Kirk,invoiced,GBP,1421.98,284.4,1706.38,2026-03-01T12:26:10.681093Z
66,19281,Hamilton-Sanchez,created,GBP,1305.0,261.0,1566.0,2026-03-01T12:26:10.712697Z
67,19803,Miranda Group,confirmed,USD,435.27,30.47,465.74,2026-03-01T12:26:10.822187Z
68,71127,"Burgess, Odonnell and Rodriguez",confirmed,USD,5148.0,360.36,5508.36,2026-03-01T12:26:10.830518Z
69,99684,Davis and Sons,created,USD,8433.33,590.33,9023.66,2026-03-01T12:26:10.949809Z
70,25523,Warner-Cole,confirmed,EUR,39299.44,7859.89,47159.33,2026-03-01T12:26:10.939949Z
71,52434,"Harvey, Smith and Mcgrath",created,USD,1599.27,111.95,1711.22,2026-03-01T12:26:11.031736Z
72,19624,"Rodgers, Lopez and Hale",invoiced,GBP,3664.2,732.84,4397.04,2026-03-01T12:26:11.064630Z
73,46675,Shaw PLC,invoiced,EUR,1160.37,232.07,1392.44,2026-03-01T12:27:02.932574Z
74,90035,"Camacho, Flores and Marsh",paid,USD,812.82,56.9,869.72,2026-03-01T12:26:11.172241Z
75,69093,"Kim, Williams and Saunders",created,EUR,8789.89,1757.98,10547.87,2026-03-01T12:26:11.201597Z
76,58569,Clements-Gonzalez,paid,GBP,0.29,0.06,0.35,2026-03-01T12:26:11.324493Z
77,43125,Gonzalez-Lee,paid,GBP,2587.0,517.4,3104.4,2026-03-01T12:26:11.333912Z
78,34596,Evans Ltd,paid,USD,0.53,0.04,0.57,2026-03-01T12:26:11.398394Z
79,29049,Bailey-Martin,created,USD,0.6,0.04,0.64,2026-03-01T12:26:11.472308Z
80,45584,Weaver-Erickson,paid,EUR,1598.48,319.7,1918.18,2026-03-01T12:26:11.512025Z
81,76314,Morgan-Schmidt,paid,GBP,12785.08,2557.02,15342.1,2026-03-01T12:26:11.590171Z
82,28968,Lucero-Carter,confirmed,USD,0.37,0.03,0.4,2026-03-01T12:26:11.642843Z
83,75032,Davis-Gray,paid,GBP,41336.0,8267.2,49603.2,2026-03-01T12:26:11.706612Z
84,47170,Burns PLC,created,USD,0.09,0.01,0.1,2026-03-01T12:26:11.715855Z
85,36160,"Gilbert, Rodriguez and Stein",paid,EUR,39151.75,7830.35,46982.1,2026-03-01T12:26:11.803756Z
86,14067,"Monroe, Stewart and Smith",confirmed,USD,551.0,38.57,589.57,2026-03-01T12:26:11.862350Z
87,29130,"Lopez, Combs and Fernandez",paid,USD,2.0,0.14,2.14,2026-03-01T12:26:11.923738Z
88,62099,Cook and Sons,created,EUR,11985.0,2397.0,14382.0,2026-03-01T12:26:11.990300Z
89,20628,"Warner, Green and Cooper",confirmed,EUR,9552.02,1910.4,11462.42,2026-03-01T12:26:12.070254Z
90,36695,"Davis, Keller and Willis",paid,GBP,1.76,0.35,2.11,2026-03-01T12:26:12.110727Z
91,20947,"Jackson, Sutton and Martin",paid,EUR,1386.59,277.32,1663.91,2026-03-01T12:26:12.137561Z
92,65187,"Cunningham, Grant and Chapman",created,EUR,322.71,64.54,387.25,2026-03-01T12:26:12.212939Z
93,74795,"Sharp, Ware and Davis",created,EUR,4794.0,958.8,5752.8,2026-03-01T12:26:12.222414Z
94,81670,Martinez LLC,invoiced,EUR,3995.24,799.05,4794.29,2026-03-01T12:26:12.315055Z
95,79711,"Booker, Doyle and Bowers",invoiced,EUR,6569.72,1313.94,7883.66,2026-03-01T12:26:12.356101Z
96,58574,Velez-Foster,created,GBP,1592.0,318.4,1910.4,2026-03-01T12:26:12.372471Z
97,35498,Shaffer-Watson,confirmed,GBP,20970.0,4194.0,25164.0,2026-03-01T12:26:12.502872Z
98,56713,"Guerra, Gomez and Brown",created,USD,997.79,69.85,1067.64,2026-03-01T12:26:12.535567Z
99,62950,Gonzalez-White,confirmed,EUR,2.37,0.47,2.84,2026-03-01T12:26:12.532358Z
100,29093,Gibson-Townsend,confirmed,GBP,16517.0,3303.4,19820.4,2026-03-01T12:27:02.995718Z
101,86172,Kerr PLC,confirmed,EUR,2.88,0.58,3.46,2026-03-01T12:27:03.023315Z
102,29421,"Gilbert, Jackson and Marquez",created,USD,9553.68,668.76,10222.44,2026-03-01T12:26:12.714959Z
103,69807,"Horton, Meyers and Norris",invoiced,GBP,32233.0,6446.6,38679.6,2026-03-01T12:26:12.849318Z
104,12560,Dennis and Sons,confirmed,EUR,1.36,0.27,1.63,2026-03-01T12:26:12.864447Z
105,87506,Carpenter-Rodriguez,created,GBP,7961.64,1592.33,9553.97,2026-03-01T12:26:12.930401Z
106,72814,Peters PLC,paid,USD,891.0,62.37,953.37,2026-03-01T12:26:12.924131Z
107,42306,"Perkins, Compton and Barrett",invoiced,USD,2587.82,181.15,2768.97,2026-03-01T12:26:13.021075Z
108,27107,"Ochoa, Gilmore and Cruz",invoiced,EUR,145.0,29.0,174.0,2026-03-01T12:27:03.116293Z
109,46645,Stevens PLC,confirmed,EUR,19978.53,3995.71,23974.24,2026-03-01T12:26:13.089331Z
110,60860,"Wright, Olson and Hill",created,EUR,4860.0,972.0,5832.0,2026-03-01T12:26:13.214999Z
111,37887,Snyder-Sanders,paid,EUR,5346.16,1069.23,6415.39,2026-03-01T12:26:13.284646Z
112,73077,"Riley, Evans and Marshall",created,USD,1128.02,78.96,1206.98,2026-03-01T12:26:13.326499Z
113,14004,"Dillon, Bowen and Smith",paid,USD,784.1,54.89,838.99,2026-03-01T12:26:13.377760Z
114,41579,"Garcia, Wade and Sanchez",paid,GBP,27167.52,5433.5,32601.02,2026-03-01T12:26:13.372093Z
115,47125,Waters PLC,created,EUR,1136.76,227.35,1364.11,2026-03-01T12:26:13.458509Z
116,88617,"Bowen, Smith and Lucas",paid,EUR,3468.81,693.76,4162.57,2026-03-01T12:26:13.502841Z
117,41470,Martin Group,confirmed,EUR,7562.0,1512.4,9074.4,2026-03-01T12:26:13.525270Z
118,92825,Collins Ltd,paid,USD,406.3,28.44,434.74,2026-03-01T12:26:13.622438Z
119,47486,Rodgers PLC,paid,USD,1.39,0.1,1.49,2026-03-01T12:26:13.714184Z
120,77493,Lopez Ltd,invoiced,USD,1.25,0.09,1.34,2026-03-01T12:26:13.692049Z
121,21442,Silva Group,paid,USD,4753.39,332.74,5086.13,2026-03-01T12:26:13.782211Z
122,76849,Harper LLC,created,USD,6766.0,473.62,7239.62,2026-03-01T12:26:13.885124Z
123,16863,Miller-Russell,confirmed,USD,0.04,0.0,0.04,2026-03-01T12:26:13.872176Z
124,46412,"Smith, Meza and Brown",created,USD,1018.92,71.32,1090.24,2026-03-01T12:26:13.995783Z
125,41824,Clayton PLC,invoiced,GBP,3.24,0.65,3.89,2026-03-01T12:26:13.966472Z
126,85048,Lane Group,created,USD,32759.0,2293.13,35052.13,2026-03-01T12:26:14.042318Z
127,15842,"Carpenter, Carson and Johnson",confirmed,EUR,1044.2,208.84,1253.04,2026-03-01T12:27:03.152129Z
128,41017,Hunt-Anderson,paid,EUR,15238.0,3047.6,18285.6,2026-03-01T12:26:14.189207Z
129,86821,"Nelson, Wilkerson and Beasley",invoiced,USD,16779.07,1174.53,17953.6,2026-03-01T12:26:14.225159Z
130,78128,Nelson-Yang,created,EUR,1.99,0.4,2.39,2026-03-01T12:26:14.318471Z
131,51344,Carrillo-Miller,paid,EUR,7990.0,1598.0,9588.0,2026-03-01T12:26:14.397139Z
132,64057,Russell and Sons,created,EUR,18378.01,3675.6,22053.61,2026-03-01T12:26:14.437934Z
133,74727,Olson-Mack,confirmed,USD,4794.05,335.58,5129.63,2026-03-01T12:26:14.462266Z
134,73454,"Gonzalez, Riggs and Bartlett",confirmed,GBP,638.24,127.65,765.89,2026-03-01T12:26:14.518764Z
135,97757,Garrett-Aguilar,invoiced,USD,435.0,30.45,465.45,2026-03-01T12:26:14.575219Z
136,85460,Rice-Hamilton,paid,EUR,1.52,0.3,1.82,2026-03-01T12:26:14.657725Z
137,19485,Ortiz and Sons,confirmed,USD,37553.0,2628.71,40181.71,2026-03-01T12:26:14.735763Z
138,35354,Cole-Wolfe,created,USD,1131.32,79.19,1210.51,2026-03-01T12:26:14.732005Z
139,10197,"Jensen, Franklin and Walter",paid,EUR,6965.0,1393.0,8358.0,2026-03-01T12:26:14.833445Z
140,22453,Adams PLC,confirmed,USD,10517.07,736.19,11253.26,2026-03-01T12:26:14.828531Z
141,77806,Carpenter Group,created,USD,13532.0,947.24,14479.24,2026-03-01T12:26:14.910548Z
142,86361,"Frazier, Tucker and Tucker",created,USD,1.06,0.07,1.13,2026-03-01T12:26:14.949989Z
143,34107,Smith and Sons,paid,USD,3736.56,261.56,3998.12,2026-03-01T12:27:03.267533Z
144,68755,Gibson Ltd,created,USD,9145.0,640.15,9785.15,2026-03-01T12:27:03.294042Z
145,65412,"Smith, Johnson and Flores",created,GBP,796.0,159.2,955.2,2026-03-01T12:26:15.097124Z
146,27476,Hanson Inc,created,USD,3915.0,274.05,4189.05,2026-03-01T12:26:15.169655Z
147,89330,"Hernandez, Duffy and Gonzales",created,USD,348.0,24.36,372.36,2026-03-01T12:26:15.218597Z
148,62887,"Fields, Cordova and Williams",confirmed,EUR,7043.11,1408.62,8451.73,2026-03-01T12:26:15.277696Z
149,19320,King and Sons,confirmed,GBP,1794.24,358.85,2153.09,2026-03-01T12:26:15.392594Z
150,52777,Lopez-Torres,confirmed,USD,40211.87,2814.83,43026.7,2026-03-01T12:26:15.379856Z
151,63689,"Chen, Harris and Mcpherson",invoiced,USD,41342.0,2893.94,44235.94,2026-03-01T12:26:15.446079Z
152,61308,"Thomas, Bonilla and Yates",invoiced,GBP,174.0,34.8,208.8,2026-03-01T12:26:15.473275Z
153,74292,Johnson Ltd,paid,USD,0.59,0.04,0.63,2026-03-01T12:26:15.594696Z
154,36626,Tucker-Clark,confirmed,EUR,9979.48,1995.9,11975.38,2026-03-01T12:26:15.611538Z
155,86137,"Ryan, English and Bird",paid,EUR,17952.0,3590.4,21542.4,2026-03-01T12:27:03.395538Z
156,73934,Small-Wright,created,EUR,5186.0,1037.2,6223.2,2026-03-01T12:26:15.732572Z
157,90169,Walker-Smith,created,GBP,1881.0,376.2,2257.2,2026-03-01T12:26:15.825050Z
158,99686,Michael Inc,created,EUR,7545.0,1509.0,9054.0,2026-03-01T12:26:15.859930Z
159,61710,Chambers and Sons,paid,EUR,6965.14,1393.03,8358.17,2026-03-01T12:26:15.883789Z
160,26061,"Cooper, Thompson and Matthews",created,USD,2.55,0.18,2.73,2026-03-01T12:26:15.983966Z
161,77922,Pierce and Sons,confirmed,GBP,21573.19,4314.64,25887.83,2026-03-01T12:26:15.987612Z
162,17039,"Leach, Harris and Harris",created,EUR,6.0,1.2,7.2,2026-03-01T12:26:16.125563Z
163,80965,"Bryant, Silva and Vasquez",invoiced,USD,0.73,0.05,0.78,2026-03-01T12:27:07.735142Z
164,22495,"Turner, Acevedo and Ford",confirmed,USD,87.0,6.09,93.09,2026-03-01T12:26:16.154481Z
165,12205,Nixon Group,created,EUR,377.9,75.58,453.48,2026-03-01T12:26:16.194795Z
166,33424,"Morrison, Patterson and Murphy",paid,EUR,2.25,0.45,2.7,2026-03-01T12:26:16.263196Z
167,39993,Murphy LLC,invoiced,USD,3.81,0.27,4.08,2026-03-01T12:26:16.352774Z
168,25057,"Wood, Lopez and Patel",invoiced,GBP,6266.0,1253.2,7519.2,2026-03-01T12:26:16.396527Z
169,43492,"Weber, Peters and Martinez",invoiced,USD,5970.0,417.9,6387.9,2026-03-01T12:26:19.049765Z
170,55218,"Flores, Davis and Nguyen",created,EUR,4653.0,930.6,5583.6,2026-03-01T12:26:16.511661Z
171,83639,Mcgrath-Wilson,confirmed,EUR,1.27,0.25,1.52,2026-03-01T12:26:16.561920Z
172,56205,Lewis LLC,created,USD,12784.0,894.88,13678.88,2026-03-01T12:26:16.655453Z
173,52483,Barnett-Strickland,confirmed,USD,4.0,0.28,4.28,2026-03-01T12:26:16.660950Z
174,10614,Lucero-Crawford,invoiced,GBP,15558.66,3111.73,18670.39,2026-03-01T12:26:16.723760Z
175,68190,Williams PLC,confirmed,GBP,1.56,0.31,1.87,2026-03-01T12:26:16.839947Z
176,13892,Saunders and Sons,paid,EUR,35956.2,7191.24,43147.44,2026-03-01T12:26:16.831361Z
177,38415,Fisher-Lee,created,USD,25939.0,1815.73,27754.73,2026-03-01T12:26:16.863881Z
178,24768,"Orozco, Newman and Fischer",confirmed,EUR,198.29,39.66,237.95,2026-03-01T12:26:16.952000Z
179,35975,Summers Inc,paid,EUR,8556.78,1711.36,10268.14,2026-03-01T12:26:17.048562Z
180,28905,Craig PLC,created,GBP,319.9,63.98,383.88,2026-03-01T12:27:03.415595Z
181,86145,"Garcia, Cook and Morgan",invoiced,EUR,7562.34,1512.47,9074.81,2026-03-01T12:26:17.150529Z
182,69253,Hall-Morse,confirmed,GBP,928.55,185.71,1114.26,2026-03-01T12:26:17.190848Z
183,24148,Burgess Inc,paid,USD,146.07,10.22,156.29,2026-03-01T12:26:17.208180Z
184,46165,Allen Ltd,invoiced,GBP,3.06,0.61,3.67,2026-03-01T12:26:17.337985Z
185,24818,Moore PLC,created,EUR,20774.0,4154.8,24928.8,2026-03-01T12:26:17.333263Z
186,54865,"Perry, Kelley and Cole",invoiced,EUR,7366.21,1473.24,8839.45,2026-03-01T12:26:17.402690Z
187,56037,Lara-Hernandez,invoiced,GBP,6368.54,1273.71,7642.25,2026-03-01T12:26:17.428299Z
188,39017,Melendez-Allen,invoiced,GBP,28764.0,5752.8,34516.8,2026-03-01T12:26:17.557839Z
189,73364,"Hill, Johnston and Wilson",paid,USD,2380.0,166.6,2546.6,2026-03-01T12:26:17.542419Z
190,19776,Walton LLC,invoiced,EUR,1218.0,243.6,1461.6,2026-03-01T12:26:17.677298Z
191,79146,"Savage, Palmer and Thomas",paid,USD,7147.16,500.3,7647.46,2026-03-01T12:26:17.697826Z
192,58933,Miller-Parker,created,USD,4257.0,297.99,4554.99,2026-03-01T12:26:17.711351Z
193,83635,Mercado-Hines,created,USD,4777.47,334.42,5111.89,2026-03-01T12:26:17.805699Z
194,88983,Perkins LLC,confirmed,GBP,13583.45,2716.69,16300.14,2026-03-01T12:26:17.828091Z
195,88055,Williams-Gonzalez,invoiced,EUR,11731.0,2346.2,14077.2,2026-03-01T12:26:17.956275Z
196,95118,"Dawson, Marquez and Norton",confirmed,GBP,3.6,0.72,4.32,2026-03-01T12:26:18.002826Z
197,80762,Anderson Inc,confirmed,GBP,0.37,0.07,0.44,2026-03-01T12:26:18.007823Z
198,16944,"Dawson, Garcia and Manning",confirmed,EUR,1592.0,318.4,1910.4,2026-03-01T12:26:18.058180Z
199,55120,"Long, Hill and Marquez",created,USD,1.96,0.14,2.1,2026-03-01T12:26:18.086429Z
200,15978,Navarro Inc,created,USD,377.0,26.39,403.39,2026-03-01T12:26:18.203075Z
201,18795,"Nguyen, Smith and Campbell",invoiced,USD,34357.44,2405.02,36762.46,2026-03-01T12:26:18.264784Z
202,60533,"Harrison, Marks and Gonzalez",invoiced,EUR,0.96,0.19,1.15,2026-03-01T12:26:18.317322Z
203,21895,Wilkinson PLC,invoiced,GBP,0.82,0.16,0.98,2026-03-01T12:26:18.391279Z
204,62023,Buckley and Sons,invoiced,GBP,27166.24,5433.25,32599.49,2026-03-01T12:26:18.394567Z
205,66939,Ramsey-Herrera,confirmed,EUR,36755.2,7351.04,44106.24,2026-03-01T12:26:18.417001Z
206,11133,Torres Ltd,confirmed,GBP,298.04,59.61,357.65,2026-03-01T12:26:18.566673Z
207,76319,"Caldwell, Castaneda and Walker",paid,GBP,4455.0,891.0,5346.0,2026-03-01T12:26:18.562060Z
208,46577,"Norman, Brown and Salinas",paid,GBP,3.37,0.67,4.04,2026-03-01T12:26:18.652346Z
209,83012,"Johnson, Sheppard and Mitchell",paid,GBP,14382.13,2876.43,17258.56,2026-03-01T12:27:03.507456Z
210,60423,Becker Ltd,paid,GBP,1881.0,376.2,2257.2,2026-03-01T12:26:18.710190Z
211,84042,Yang-Smith,invoiced,USD,2.09,0.15,2.24,2026-03-01T12:26:18.809035Z
212,61938,"Haas, Thornton and Brown",created,EUR,5598.84,1119.77,6718.61,2026-03-01T12:26:18.864292Z
213,29942,Robinson-Smith,confirmed,EUR,4.23,0.85,5.08,2026-03-01T12:27:03.565855Z
214,77801,"Kelly, Evans and Fernandez",paid,GBP,7563.23,1512.65,9075.88,2026-03-01T12:27:03.680964Z
215,15773,"Ellison, Garcia and Mitchell",created,USD,2.72,0.19,2.91,2026-03-01T12:26:16.450771Z
216,37223,"Lopez, Castillo and Smith",created,USD,1592.12,111.45,1703.57,2026-03-01T12:26:19.092820Z
217,47569,Lopez Ltd,invoiced,USD,2581.12,180.68,2761.8,2026-03-01T12:27:03.636154Z
218,49369,Rodriguez PLC,paid,GBP,0.41,0.08,0.49,2026-03-01T12:26:19.162508Z
219,93549,Rose-Murphy,invoiced,EUR,1334.33,266.87,1601.2,2026-03-01T12:26:19.239791Z
220,40540,"Wright, Hill and Morales",paid,EUR,2986.11,597.22,3583.33,2026-03-01T12:26:19.265604Z
221,42173,Davis-Ramirez,paid,GBP,2.67,0.53,3.2,2026-03-01T12:26:19.345991Z
222,24142,Campbell Inc,invoiced,USD,35955.35,2516.87,38472.22,2026-03-01T12:26:19.437742Z
223,53529,Gonzales-Myers,confirmed,USD,7363.74,515.46,7879.2,2026-03-01T12:27:03.740732Z
224,18360,Marshall PLC,invoiced,GBP,8848.48,1769.7,10618.18,2026-03-01T12:26:19.474276Z
225,41389,Luna PLC,confirmed,EUR,2.63,0.53,3.16,2026-03-01T12:27:03.809622Z
226,73445,Gates PLC,paid,EUR,0.69,0.14,0.83,2026-03-01T12:26:19.593663Z
227,62305,"Wood, Griffin and Allen",invoiced,GBP,29.0,5.8,34.8,2026-03-01T12:26:19.733998Z
228,96057,Berry and Sons,confirmed,GBP,1363.0,272.6,1635.6,2026-03-01T12:26:19.707906Z
229,79311,Perez PLC,invoiced,EUR,3267.29,653.46,3920.75,2026-03-01T12:26:19.794559Z
230,31210,Bryan-Hardy,created,GBP,198.0,39.6,237.6,2026-03-01T12:26:19.892009Z
231,12856,Carson LLC,invoiced,EUR,88.68,17.74,106.42,2026-03-01T12:26:19.950836Z
232,46833,Hall Inc,invoiced,GBP,0.21,0.04,0.25,2026-03-01T12:26:19.980275Z
233,99453,"Thompson, Hall and Horn",invoiced,USD,2871.26,200.99,3072.25,2026-03-01T12:26:20.039270Z
234,54807,Glenn-Hodge,confirmed,GBP,1.15,0.23,1.38,2026-03-01T12:26:20.053342Z
235,55458,"Robertson, Johnson and Jones",paid,EUR,0.3,0.06,0.36,2026-03-01T12:26:20.148442Z
236,98243,Simpson-Oconnor,created,GBP,1.11,0.22,1.33,2026-03-01T12:26:20.215210Z
237,91595,Stein-Cordova,invoiced,EUR,3465.1,693.02,4158.12,2026-03-01T12:26:20.207330Z
238,58644,Graham Ltd,paid,USD,6392.0,447.44,6839.44,2026-03-01T12:26:20.313619Z
239,25560,Carey and Sons,invoiced,EUR,4378.0,875.6,5253.6,2026-03-01T12:26:20.353602Z
240,90793,Johnson LLC,confirmed,EUR,9411.21,1882.24,11293.45,2026-03-01T12:27:03.805733Z
241,79960,Gomez Ltd,confirmed,GBP,0.23,0.05,0.28,2026-03-01T12:26:20.470381Z
242,53955,Crawford PLC,confirmed,USD,38354.14,2684.79,41038.93,2026-03-01T12:26:20.532639Z
243,78901,Coleman-Hayes,invoiced,USD,32975.74,2308.3,35284.04,2026-03-01T12:26:20.572765Z
244,99140,Reyes-Riley,confirmed,USD,2574.0,180.18,2754.18,2026-03-01T12:27:03.880239Z
245,26491,Ruiz-Hayes,confirmed,EUR,4.92,0.98,5.9,2026-03-01T12:26:20.665913Z
246,17899,"Hughes, Kelly and Simon",invoiced,GBP,1.31,0.26,1.57,2026-03-01T12:26:20.755376Z
247,70064,Smith-Grimes,confirmed,USD,1160.68,81.25,1241.93,2026-03-01T12:26:20.835083Z
248,64518,"Howe, Woods and Harris",confirmed,EUR,11054.92,2210.98,13265.9,2026-03-01T12:26:20.841345Z
249,45532,"Gates, Ramirez and Harper",created,GBP,2.45,0.49,2.94,2026-03-01T12:26:20.941053Z
250,60797,Fitzpatrick-Hart,paid,USD,1249.33,87.45,1336.78,2026-03-01T12:26:20.945377Z
251,68298,"Reyes, Lane and Bryant",confirmed,USD,1.89,0.13,2.02,2026-03-01T12:26:21.024139Z
252,91512,Huber LLC,confirmed,GBP,22372.0,4474.4,26846.4,2026-03-01T12:26:21.087561Z
253,80542,"James, Glenn and Delgado",confirmed,USD,199.0,13.93,212.93,2026-03-01T12:26:21.135051Z
254,59126,"King, Stanley and Robinson",paid,USD,27966.27,1957.64,29923.91,2026-03-01T12:27:08.911041Z
255,17248,Davidson-Pope,invoiced,USD,11930.51,835.14,12765.65,2026-03-01T12:26:21.261366Z
256,74074,Reynolds-Brooks,invoiced,USD,22372.0,1566.04,23938.04,2026-03-01T12:26:21.258981Z
257,51558,Garcia-Schmidt,paid,GBP,0.52,0.1,0.62,2026-03-01T12:26:21.332068Z
258,95676,Moore PLC,confirmed,EUR,14405.26,2881.05,17286.31,2026-03-01T12:27:04.022861Z
259,15185,"Davis, Carlson and Snyder",confirmed,USD,0.18,0.01,0.19,2026-03-01T12:26:21.448599Z
260,37613,Hurley PLC,invoiced,GBP,2638.6,527.72,3166.32,2026-03-01T12:26:21.486473Z
261,66804,Thompson Inc,paid,USD,21338.0,1493.66,22831.66,2026-03-01T12:26:21.568973Z
262,51051,"Ortiz, Cooper and Allison",paid,GBP,1485.0,297.0,1782.0,2026-03-01T12:26:21.660296Z
263,66027,Munoz-Waters,paid,GBP,10387.0,2077.4,12464.4,2026-03-01T12:26:21.655318Z
264,91512,"Carter, Lee and Jackson",invoiced,EUR,377.0,75.4,452.4,2026-03-01T12:26:21.741560Z
265,61411,Calderon-Webb,invoiced,EUR,0.9,0.18,1.08,2026-03-01T12:26:21.839875Z
266,19148,"Maldonado, Garcia and Rojas",confirmed,USD,5456.24,381.94,5838.18,2026-03-01T12:26:24.412011Z
267,35910,Wallace LLC,confirmed,USD,2376.56,166.36,2542.92,2026-03-01T12:26:21.856201Z
268,80046,"Flores, Harrington and Kirby",invoiced,USD,4751.37,332.6,5083.97,2026-03-01T12:26:21.988166Z
269,15227,Dyer PLC,invoiced,GBP,1196.64,239.33,1435.97,2026-03-01T12:26:22.001533Z
270,33513,Li-Cross,invoiced,USD,0.18,0.01,0.19,2026-03-01T12:26:22.045098Z
271,73382,"Kelly, Rhodes and Watson",paid,EUR,5883.04,1176.61,7059.65,2026-03-01T12:26:22.086629Z
272,72501,Brown-Rich,paid,GBP,24563.0,4912.6,29475.6,2026-03-01T12:26:22.206014Z
273,35173,"Schultz, Allen and Simon",created,GBP,17082.0,3416.4,20498.4,2026-03-01T12:26:22.260559Z
274,28937,Wood-Williams,confirmed,GBP,3233.34,646.67,3880.01,2026-03-01T12:27:04.048541Z
275,26271,"Blair, Grant and Flores",paid,GBP,23369.57,4673.91,28043.48,2026-03-01T12:26:22.400127Z
276,58881,Gonzalez LLC,paid,GBP,9353.13,1870.63,11223.76,2026-03-01T12:26:22.387148Z
277,21686,Robinson Inc,paid,USD,10389.25,727.25,11116.5,2026-03-01T12:26:22.439375Z
278,48473,Ramirez-Washington,confirmed,EUR,7343.2,1468.64,8811.84,2026-03-01T12:26:22.564237Z
279,63797,Cobb-Williams,created,USD,3383.0,236.81,3619.81,2026-03-01T12:27:07.887454Z
280,50577,Rios-Merritt,confirmed,EUR,174.8,34.96,209.76,2026-03-01T12:26:22.601463Z
281,12601,King-Griffin,created,EUR,4356.0,871.2,5227.2,2026-03-01T12:26:22.736420Z
282,98043,Case Group,invoiced,EUR,3.04,0.61,3.65,2026-03-01T12:26:22.779432Z
283,12727,York LLC,created,GBP,1.03,0.21,1.24,2026-03-01T12:26:22.786150Z
284,14302,Wood-Berg,invoiced,EUR,17579.2,3515.84,21095.04,2026-03-01T12:27:08.999919Z
285,86127,Hughes-Willis,confirmed,EUR,22068.53,4413.71,26482.24,2026-03-01T12:26:22.953483Z
286,74462,Stewart Inc,confirmed,EUR,9951.35,1990.27,11941.62,2026-03-01T12:26:22.977058Z
287,82875,Edwards Inc,paid,EUR,6569.64,1313.93,7883.57,2026-03-01T12:27:04.221923Z
288,46865,Norton-Castillo,invoiced,GBP,1.04,0.21,1.25,2026-03-01T12:26:23.102845Z
289,45682,"Lopez, Ramos and Logan",created,GBP,464.0,92.8,556.8,2026-03-01T12:26:23.132658Z
290,81132,Beard-Watkins,invoiced,GBP,0.17,0.03,0.2,2026-03-01T12:26:23.147162Z
291,96302,Gross-Rowland,created,USD,1782.0,124.74,1906.74,2026-03-01T12:26:23.234600Z
292,28971,Hernandez-Hood,created,EUR,1.39,0.28,1.67,2026-03-01T12:26:23.325427Z
293,72597,Wilson-Mason,invoiced,GBP,4.0,0.8,4.8,2026-03-01T12:27:04.273262Z
294,33077,Washington and Sons,created,GBP,3.22,0.64,3.86,2026-03-01T12:26:23.425046Z
295,46984,"Harrison, French and Matthews",created,GBP,2.96,0.59,3.55,2026-03-01T12:26:23.496294Z
296,19576,Watson-Shelton,confirmed,GBP,8635.0,1727.0,10362.0,2026-03-01T12:26:23.514645Z
297,78870,Goodman-Bird,created,USD,0.9,0.06,0.96,2026-03-01T12:26:23.583377Z
298,36975,"Holland, White and White",paid,EUR,1131.56,226.31,1357.87,2026-03-01T12:26:23.600972Z
299,57720,"Cortez, Smith and Kline",paid,GBP,13512.1,2702.42,16214.52,2026-03-01T12:26:23.652755Z
300,88341,Cooper-Smith,created,EUR,0.92,0.18,1.1,2026-03-01T12:26:23.786145Z
301,62263,"Lloyd, Snyder and Stevens",invoiced,EUR,23171.0,4634.2,27805.2,2026-03-01T12:26:23.794339Z
302,83071,"Oneill, Russell and Ayers",paid,GBP,7246.24,1449.25,8695.49,2026-03-01T12:26:23.828869Z
303,14149,Novak and Sons,invoiced,GBP,1.12,0.22,1.34,2026-03-01T12:26:23.930824Z
304,27547,Simmons Group,paid,GBP,522.0,104.4,626.4,2026-03-01T12:26:23.963599Z
305,33932,"Knight, Welch and Campbell",invoiced,USD,4643.0,325.01,4968.01,2026-03-01T12:26:23.997360Z
306,66339,"French, Ramirez and Hanson",invoiced,GBP,13969.0,2793.8,16762.8,2026-03-01T12:26:24.084837Z
307,93588,"Turner, Schwartz and Meyer",paid,USD,27748.0,1942.36,29690.36,2026-03-01T12:26:24.164253Z
308,34560,Rasmussen LLC,confirmed,USD,7363.07,515.41,7878.48,2026-03-01T12:26:24.130767Z
309,18316,Smith-Gonzalez,paid,EUR,4.18,0.84,5.02,2026-03-01T12:26:24.192146Z
310,82227,Lopez LLC,confirmed,GBP,2291.0,458.2,2749.2,2026-03-01T12:26:24.330363Z
311,44670,Hardy-Mata,created,USD,4950.0,346.5,5296.5,2026-03-01T12:26:24.389823Z
312,95247,Douglas Inc,confirmed,EUR,0.28,0.06,0.34,2026-03-01T12:26:21.861920Z
313,84003,Montes Group,invoiced,GBP,1487.01,297.4,1784.41,2026-03-01T12:26:24.455655Z
314,35746,Rodriguez-Smith,confirmed,GBP,34930.0,6986.0,41916.0,2026-03-01T12:26:24.526575Z
315,63734,"Gutierrez, Smith and Silva",paid,GBP,3564.0,712.8,4276.8,2026-03-01T12:26:24.560120Z
316,13457,Shepherd Inc,paid,EUR,51136.0,10227.2,61363.2,2026-03-01T12:26:24.619045Z
317,70581,Bush Group,confirmed,USD,3666.94,256.69,3923.63,2026-03-01T12:26:24.672653Z
318,95723,Gibson Group,confirmed,EUR,1393.1,278.62,1671.72,2026-03-01T12:27:04.388584Z
319,33322,Mccormick PLC,created,GBP,5174.55,1034.91,6209.46,2026-03-01T12:26:24.830735Z
320,68396,"Soto, Kim and Morris",paid,USD,2.01,0.14,2.15,2026-03-01T12:26:24.834254Z
321,46105,Martinez-Hoffman,confirmed,EUR,2973.76,594.75,3568.51,2026-03-01T12:26:24.863240Z
322,65034,Brown LLC,created,USD,3880.33,271.62,4151.95,2026-03-01T12:26:24.980205Z
323,24629,Dean Inc,paid,GBP,38352.0,7670.4,46022.4,2026-03-01T12:26:24.998882Z
324,87344,Moran Ltd,paid,EUR,17504.04,3500.81,21004.85,2026-03-01T12:26:25.074059Z
325,82188,Elliott Ltd,paid,EUR,1.1,0.22,1.32,2026-03-01T12:26:25.168239Z
326,23689,Parker-Ballard,invoiced,USD,1288.07,90.16,1378.23,2026-03-01T12:26:25.268227Z
327,17714,"Wallace, Oconnor and Rodgers",confirmed,EUR,19975.0,3995.0,23970.0,2026-03-01T12:26:25.290217Z
328,94157,"Mullins, Owens and Webster",created,EUR,0.16,0.03,0.19,2026-03-01T12:26:25.396703Z
329,72362,Hunt-Walker,created,EUR,0.53,0.11,0.64,2026-03-01T12:26:25.377398Z
330,90903,Michael Group,confirmed,GBP,2975.28,595.06,3570.34,2026-03-01T12:26:25.495438Z
331,52089,Wright Ltd,invoiced,USD,9155.14,640.86,9796.0,2026-03-01T12:27:04.393388Z
332,42615,"Rice, Riley and Haynes",confirmed,GBP,25782.0,5156.4,30938.4,2026-03-01T12:26:25.601982Z
333,82723,Gomez-Bird,confirmed,USD,0.6,0.04,0.64,2026-03-01T12:26:25.617143Z
334,42304,"Hogan, James and Anderson",created,GBP,2587.0,517.4,3104.4,2026-03-01T12:26:25.695980Z
335,28946,Ingram PLC,created,USD,2.32,0.16,2.48,2026-03-01T12:26:25.699348Z
336,10829,"Ferguson, Lee and Weaver",created,GBP,0.6,0.12,0.72,2026-03-01T12:27:04.513273Z
337,36458,Combs-Ward,paid,EUR,3545.0,709.0,4254.0,2026-03-01T12:26:25.876817Z
338,24356,Ramirez-Crawford,invoiced,EUR,1.64,0.33,1.97,2026-03-01T12:26:25.951729Z
339,28512,"Martinez, Johnson and Mccoy",invoiced,GBP,0.26,0.05,0.31,2026-03-01T12:26:25.984485Z
340,62428,"Davis, Rice and Marsh",invoiced,EUR,1683.37,336.67,2020.04,2026-03-01T12:26:26.050079Z
341,86324,Bradley-Hernandez,confirmed,USD,551.0,38.57,589.57,2026-03-01T12:27:04.517509Z
342,25831,Silva Inc,confirmed,EUR,1276.82,255.36,1532.18,2026-03-01T12:26:26.154107Z
343,34582,Hodges-Glass,invoiced,EUR,3.04,0.61,3.65,2026-03-01T12:27:04.596769Z
344,59319,Garcia-Wu,paid,GBP,2584.32,516.86,3101.18,2026-03-01T12:26:26.255219Z
345,47375,Martin Group,confirmed,EUR,23970.0,4794.0,28764.0,2026-03-01T12:26:26.288878Z
346,83401,Franklin PLC,confirmed,GBP,2376.0,475.2,2851.2,2026-03-01T12:26:26.390098Z
347,55907,"Harrison, Oneal and Simpson",invoiced,EUR,4260.2,852.04,5112.24,2026-03-01T12:26:26.362623Z
348,51748,Clark Group,created,EUR,1.59,0.32,1.91,2026-03-01T12:26:26.451869Z
349,63714,"Patterson, Mcgee and Elliott",invoiced,USD,1.03,0.07,1.1,2026-03-01T12:26:26.557864Z
350,57567,Morales Ltd,created,GBP,0.07,0.01,0.08,2026-03-01T12:26:26.582075Z
351,89968,"Reed, Chandler and Flores",confirmed,GBP,9857.0,1971.4,11828.4,2026-03-01T12:26:26.612833Z
352,47270,Harmon Ltd,confirmed,USD,7562.0,529.34,8091.34,2026-03-01T12:26:26.710704Z
353,22786,Bennett Ltd,paid,GBP,2871.24,574.25,3445.49,2026-03-01T12:26:26.708639Z
354,38033,Miller Inc,confirmed,GBP,2.05,0.41,2.46,2026-03-01T12:26:26.793684Z
355,30861,Jensen LLC,paid,EUR,799.25,159.85,959.1,2026-03-01T12:26:26.890593Z
356,95184,Ruiz LLC,created,EUR,1.76,0.35,2.11,2026-03-01T12:26:26.858072Z
357,34122,Boyle-Brown,confirmed,EUR,1881.37,376.27,2257.64,2026-03-01T12:26:26.954294Z
358,41411,Myers LLC,paid,EUR,0.15,0.03,0.18,2026-03-01T12:26:26.966225Z
359,22195,"Powell, Henry and Elliott",paid,USD,4975.0,348.25,5323.25,2026-03-01T12:26:27.056853Z
360,40225,Sanchez-Stanley,paid,EUR,2871.04,574.21,3445.25,2026-03-01T12:26:27.171488Z
361,90661,Curry Group,invoiced,GBP,34538.0,6907.6,41445.6,2026-03-01T12:26:27.217273Z
362,78755,"Bishop, Diaz and Sanchez",invoiced,GBP,39151.37,7830.27,46981.64,2026-03-01T12:26:27.221071Z
363,32289,Herrera LLC,confirmed,EUR,39951.57,7990.31,47941.88,2026-03-01T12:27:04.695274Z
364,10327,Jimenez Inc,invoiced,EUR,4.56,0.91,5.47,2026-03-01T12:26:27.371498Z
365,98687,Bradshaw-Hines,created,USD,19503.44,1365.24,20868.68,2026-03-01T12:26:27.433619Z
366,19034,Sharp-Martinez,created,USD,0.82,0.06,0.88,2026-03-01T12:26:27.443119Z
367,14523,"Holt, Freeman and Mccullough",confirmed,USD,4349.92,304.49,4654.41,2026-03-01T12:26:27.527873Z
368,72485,"Williams, Gonzalez and Fischer",confirmed,GBP,10733.04,2146.61,12879.65,2026-03-01T12:27:04.769189Z
369,58022,Fry-Allen,confirmed,GBP,5174.16,1034.83,6208.99,2026-03-01T12:26:27.639500Z
370,26287,"Greer, Carrillo and Vargas",invoiced,GBP,3369.61,673.92,4043.53,2026-03-01T12:26:27.682623Z
371,50722,"Perry, Carr and Schmitt",created,USD,38352.0,2684.64,41036.64,2026-03-01T12:26:27.718190Z
372,25363,"Zavala, Mcgee and Allen",created,EUR,0.69,0.14,0.83,2026-03-01T12:26:27.758562Z
373,14461,Khan Ltd,paid,EUR,1972.0,394.4,2366.4,2026-03-01T12:26:25.204519Z
374,53465,Higgins and Sons,created,USD,2591.18,181.38,2772.56,2026-03-01T12:27:04.820004Z
375,40633,Wright-Kim,paid,USD,39952.14,2796.65,42748.79,2026-03-01T12:26:27.923143Z
376,98117,"Cortez, Ruiz and Martin",invoiced,GBP,0.23,0.05,0.28,2026-03-01T12:26:27.982672Z
377,41543,"Davis, Oconnell and Miller",created,USD,986.02,69.02,1055.04,2026-03-01T12:26:27.987953Z
378,12979,Erickson-Haynes,paid,EUR,1.37,0.27,1.64,2026-03-01T12:26:28.051972Z
379,14090,Ryan LLC,paid,USD,0.3,0.02,0.32,2026-03-01T12:26:28.157508Z
380,27390,Casey-Russell,paid,EUR,4.11,0.82,4.93,2026-03-01T12:26:28.137399Z
381,72834,Beltran-Johnson,created,USD,33323.21,2332.62,35655.83,2026-03-01T12:27:04.842617Z
382,17430,Taylor-Perez,created,USD,4557.0,318.99,4875.99,2026-03-01T12:26:28.333713Z
383,77658,"Powell, Hall and Rodriguez",paid,GBP,3565.22,713.04,4278.26,2026-03-01T12:26:28.304464Z
384,94478,Williams-Patel,confirmed,GBP,0.78,0.16,0.94,2026-03-01T12:26:28.374455Z
385,18517,Foster-Parker,created,USD,12785.44,894.98,13680.42,2026-03-01T12:26:28.509528Z
386,91521,Watts-Herrera,paid,USD,6762.0,473.34,7235.34,2026-03-01T12:27:07.931005Z
387,67697,Williams and Sons,invoiced,USD,7649.83,535.49,8185.32,2026-03-01T12:26:28.609561Z
388,58341,Cox-Meyers,created,EUR,9548.0,1909.6,11457.6,2026-03-01T12:26:28.615354Z
389,97671,"Bell, Bauer and Stephens",confirmed,EUR,41834.44,8366.89,50201.33,2026-03-01T12:26:28.688225Z
390,84367,"Davis, Hicks and Haas",created,EUR,1144.28,228.86,1373.14,2026-03-01T12:26:28.779867Z
391,74594,Haley Ltd,paid,EUR,5970.43,1194.09,7164.52,2026-03-01T12:26:28.817477Z
392,90645,Stevens-Trujillo,confirmed,EUR,1598.0,319.6,1917.6,2026-03-01T12:26:28.880906Z
393,59007,Jackson-Smith,invoiced,GBP,27131.62,5426.32,32557.94,2026-03-01T12:26:28.900937Z
394,41275,Bell and Sons,confirmed,EUR,1218.13,243.63,1461.76,2026-03-01T12:26:28.917877Z
395,58585,Smith-Martinez,created,USD,1.87,0.13,2.0,2026-03-01T12:26:29.060969Z
396,16615,Rios-Hawkins,invoiced,GBP,5.12,1.02,6.14,2026-03-01T12:26:29.056108Z
397,25820,Foster Ltd,invoiced,EUR,1392.0,278.4,1670.4,2026-03-01T12:26:29.153680Z
398,63151,Young-West,invoiced,EUR,40151.0,8030.2,48181.2,2026-03-01T12:26:29.189623Z
399,14617,Dawson Inc,confirmed,GBP,2971.71,594.34,3566.05,2026-03-01T12:26:29.244365Z
400,50329,"King, Hess and Knight",paid,USD,3861.0,270.27,4131.27,2026-03-01T12:26:29.335683Z
401,75232,Patterson LLC,invoiced,USD,1421.16,99.48,1520.64,2026-03-01T12:27:04.994070Z
402,74180,Benson Group,invoiced,USD,8756.31,612.94,9369.25,2026-03-01T12:26:29.403903Z
403,42721,"Peterson, Mueller and Hurst",created,USD,0.08,0.01,0.09,2026-03-01T12:26:29.460106Z
404,21461,Macdonald-Holmes,confirmed,EUR,37348.0,7469.6,44817.6,2026-03-01T12:26:29.510777Z
405,15705,Coffey Ltd,confirmed,EUR,8557.09,1711.42,10268.51,2026-03-01T12:26:29.537551Z
406,65183,Bowers-Johnston,created,GBP,15181.52,3036.3,18217.82,2026-03-01T12:26:29.628140Z
407,96279,Calderon LLC,created,GBP,0.97,0.19,1.16,2026-03-01T12:26:29.731191Z
408,67726,Mcmahon-Young,invoiced,EUR,1.66,0.33,1.99,2026-03-01T12:26:29.697311Z
409,77713,"Mendoza, Dunn and Barnes",paid,USD,4577.0,320.39,4897.39,2026-03-01T12:26:29.780610Z
410,29278,"Blanchard, Smith and Murphy",confirmed,EUR,0.96,0.19,1.15,2026-03-01T12:26:29.886071Z
411,38374,Murphy PLC,invoiced,USD,1044.0,73.08,1117.08,2026-03-01T12:26:29.933929Z
412,47681,"Mccormick, Rodriguez and Gonzalez",confirmed,GBP,3.74,0.75,4.49,2026-03-01T12:26:29.913981Z
413,93640,White-Dunn,confirmed,USD,5829.01,408.03,6237.04,2026-03-01T12:26:30.060171Z
414,65363,Serrano-Lynch,paid,GBP,1073.11,214.62,1287.73,2026-03-01T12:26:30.051336Z
415,54461,Hogan and Sons,created,EUR,11986.11,2397.22,14383.33,2026-03-01T12:26:30.116081Z
416,43238,Porter PLC,confirmed,GBP,3.81,0.76,4.57,2026-03-01T12:26:30.175583Z
417,88315,"Miller, Garner and Mitchell",invoiced,USD,23171.0,1621.97,24792.97,2026-03-01T12:26:30.267530Z
418,52282,Rodriguez-Thomas,confirmed,GBP,0.56,0.11,0.67,2026-03-01T12:26:30.295413Z
419,91827,"Sharp, Anderson and Campbell",invoiced,EUR,4455.34,891.07,5346.41,2026-03-01T12:26:30.363210Z
420,13452,"Harrington, Nelson and Davis",paid,USD,754.0,52.78,806.78,2026-03-01T12:26:30.397181Z
421,95778,"Carr, Glenn and Snyder",invoiced,EUR,0.54,0.11,0.65,2026-03-01T12:26:30.483597Z
422,60587,Smith-Bonilla,created,EUR,4978.84,995.77,5974.61,2026-03-01T12:26:30.471556Z
423,52338,Fernandez Ltd,invoiced,GBP,3366.0,673.2,4039.2,2026-03-01T12:26:30.620725Z
424,83607,Pham-Robbins,invoiced,GBP,48741.4,9748.28,58489.68,2026-03-01T12:26:30.624074Z
425,64921,Jackson Inc,invoiced,USD,25349.31,1774.45,27123.76,2026-03-01T12:26:30.664485Z
426,31409,Cross-Bell,confirmed,EUR,175.04,35.01,210.05,2026-03-01T12:26:30.708397Z
427,31452,"Ochoa, Pham and Williams",confirmed,EUR,2376.0,475.2,2851.2,2026-03-01T12:26:30.828695Z
428,43411,Schmidt Inc,paid,USD,2524.93,176.75,2701.68,2026-03-01T12:26:30.832888Z
429,87923,Arellano LLC,created,USD,1.97,0.14,2.11,2026-03-01T12:26:30.881642Z
430,45644,"Taylor, Moore and Lewis",invoiced,GBP,16154.88,3230.98,19385.86,2026-03-01T12:26:31.004217Z
431,48325,Middleton Inc,confirmed,EUR,2750.64,550.13,3300.77,2026-03-01T12:27:04.987148Z
432,86472,"Beck, Brown and Trujillo",invoiced,EUR,43146.0,8629.2,51775.2,2026-03-01T12:26:31.056888Z
433,36100,"Crawford, Williams and Montgomery",invoiced,GBP,10078.0,2015.6,12093.6,2026-03-01T12:26:31.081050Z
434,57430,Meyer Group,created,EUR,1488.79,297.76,1786.55,2026-03-01T12:26:31.226902Z
435,35269,"Tucker, Collins and Cunningham",created,EUR,0.43,0.09,0.52,2026-03-01T12:26:31.266189Z
436,60098,Osborne-Perez,created,USD,3.97,0.28,4.25,2026-03-01T12:26:31.292809Z
437,79583,Garcia-Johnson,confirmed,GBP,8958.18,1791.64,10749.82,2026-03-01T12:26:31.319563Z
438,37270,"Johnston, Grimes and Yang",created,GBP,0.28,0.06,0.34,2026-03-01T12:26:31.409837Z
439,62929,Collins-Nelson,invoiced,GBP,1218.0,243.6,1461.6,2026-03-01T12:26:31.465941Z
440,26286,Flynn LLC,invoiced,USD,33790.0,2365.3,36155.3,2026-03-01T12:26:31.521157Z
441,33301,Benson-Austin,invoiced,GBP,59925.78,11985.16,71910.94,2026-03-01T12:26:31.615058Z
442,58025,Bishop-Delacruz,invoiced,USD,5.04,0.35,5.39,2026-03-01T12:26:31.611721Z
443,26517,Fowler LLC,confirmed,USD,2.96,0.21,3.17,2026-03-01T12:26:31.702068Z
444,50487,Smith-Washington,paid,EUR,0.53,0.11,0.64,2026-03-01T12:26:31.748828Z
445,82197,Wright-Long,invoiced,GBP,725.08,145.02,870.1,2026-03-01T12:26:31.752096Z
446,72514,"Fleming, Williamson and Lewis",paid,GBP,389.0,77.8,466.8,2026-03-01T12:26:31.887415Z
447,63873,"Fox, Harper and Jenkins",confirmed,GBP,0.18,0.04,0.22,2026-03-01T12:26:31.899246Z
448,46749,Wilson LLC,created,USD,21574.04,1510.18,23084.22,2026-03-01T12:26:32.009286Z
449,34967,Lee Group,invoiced,EUR,28765.1,5753.02,34518.12,2026-03-01T12:26:32.028968Z
450,22627,Arroyo-Roberson,paid,EUR,3.71,0.74,4.45,2026-03-01T12:27:05.085803Z
451,15295,"Anderson, Navarro and Williams",invoiced,GBP,6965.0,1393.0,8358.0,2026-03-01T12:26:32.153665Z
452,54730,Douglas-Newton,paid,EUR,0.7,0.14,0.84,2026-03-01T12:26:32.187099Z
453,41075,Ferguson-Wade,confirmed,EUR,4179.0,835.8,5014.8,2026-03-01T12:26:32.266495Z
454,49732,"Burgess, Pearson and Nguyen",confirmed,USD,581.46,40.7,622.16,2026-03-01T12:26:32.251387Z
455,13281,Foley-Serrano,invoiced,GBP,5771.0,1154.2,6925.2,2026-03-01T12:26:32.321683Z
456,68905,Graham-Bauer,paid,EUR,36352.8,7270.56,43623.36,2026-03-01T12:26:32.392961Z
457,33936,Arnold-Stevens,paid,GBP,28239.55,5647.91,33887.46,2026-03-01T12:26:32.506144Z
458,19342,"Schmidt, Jones and Joyce",created,USD,32066.0,2244.62,34310.62,2026-03-01T12:26:32.542958Z
459,95081,"Hernandez, Abbott and Smith",confirmed,USD,15617.0,1093.19,16710.19,2026-03-01T12:27:05.169214Z
460,49089,"Avila, Francis and Sanders",confirmed,GBP,1305.65,261.13,1566.78,2026-03-01T12:26:32.637456Z
461,51016,Hart PLC,invoiced,USD,1915.19,134.06,2049.25,2026-03-01T12:26:32.695330Z
462,87683,"Jones, Cervantes and Hughes",confirmed,GBP,1881.69,376.34,2258.03,2026-03-01T12:26:32.706708Z
463,36722,Spencer-Duran,confirmed,EUR,2661.64,532.33,3193.97,2026-03-01T12:26:32.784014Z
464,45641,Kelley PLC,created,USD,3268.73,228.81,3497.54,2026-03-01T12:26:32.899213Z
465,35123,Brown Ltd,invoiced,EUR,6433.2,1286.64,7719.84,2026-03-01T12:26:32.936982Z
466,16921,Carter and Sons,invoiced,GBP,989.28,197.86,1187.14,2026-03-01T12:26:33.003534Z
467,43092,Powell-Johnson,paid,EUR,33558.24,6711.65,40269.89,2026-03-01T12:26:33.013743Z
468,36863,Brown-Davis,invoiced,EUR,2593.0,518.6,3111.6,2026-03-01T12:26:33.071523Z
469,44804,Wade-Butler,created,EUR,5176.87,1035.37,6212.24,2026-03-01T12:26:33.115590Z
470,15409,"Reed, Anderson and Nolan",created,GBP,87.0,17.4,104.4,2026-03-01T12:27:05.267322Z
471,98857,Rios Ltd,created,EUR,20958.0,4191.6,25149.6,2026-03-01T12:27:05.186438Z
472,30264,Mcneil Group,confirmed,EUR,0.39,0.08,0.47,2026-03-01T12:26:33.344295Z
473,54083,Brown-Watson,confirmed,EUR,0.75,0.15,0.9,2026-03-01T12:26:33.327293Z
474,19125,Russell and Sons,paid,EUR,17244.13,3448.83,20692.96,2026-03-01T12:26:33.434817Z
475,18497,Lara PLC,created,EUR,1791.0,358.2,2149.2,2026-03-01T12:26:33.454112Z
476,75268,"Vargas, Maynard and Larson",invoiced,EUR,4.33,0.87,5.2,2026-03-01T12:26:33.509733Z
477,90828,Villanueva-Turner,invoiced,EUR,3.31,0.66,3.97,2026-03-01T12:26:33.581720Z
478,52840,Wilson Inc,created,EUR,1683.16,336.63,2019.79,2026-03-01T12:26:33.597758Z
479,64280,"Rice, Rice and Golden",confirmed,USD,3325.0,232.75,3557.75,2026-03-01T12:26:33.713996Z
480,61491,"Sweeney, Carter and Beck",created,USD,0.94,0.07,1.01,2026-03-01T12:26:33.742764Z
481,98865,"Kennedy, Coleman and Taylor",confirmed,GBP,2.01,0.4,2.41,2026-03-01T12:26:33.832431Z
482,78301,"Turner, Butler and Meyers",paid,GBP,39950.0,7990.0,47940.0,2026-03-01T12:26:33.828613Z
483,79429,"Morton, Edwards and Miller",paid,USD,4950.0,346.5,5296.5,2026-03-01T12:26:33.921821Z
484,84960,Ramos Inc,paid,GBP,9962.21,1992.44,11954.65,2026-03-01T12:26:33.995056Z
485,28343,Wolf Group,invoiced,GBP,30362.26,6072.45,36434.71,2026-03-01T12:26:34.010027Z
486,32601,Burns and Sons,paid,EUR,1.27,0.25,1.52,2026-03-01T12:26:34.082352Z
487,89028,Edwards-Donovan,confirmed,EUR,2.04,0.41,2.45,2026-03-01T12:26:34.135628Z
488,24700,"Swanson, Koch and Fox",paid,EUR,1392.0,278.4,1670.4,2026-03-01T12:26:34.224077Z
489,33551,"Reynolds, Beard and Hood",created,EUR,465.36,93.07,558.43,2026-03-01T12:26:34.201619Z
490,72063,"Wells, Hansen and Bond",paid,EUR,4356.12,871.22,5227.34,2026-03-01T12:26:34.263401Z
491,74960,Ruiz-Hines,created,GBP,2178.0,435.6,2613.6,2026-03-01T12:26:34.301750Z
492,90694,Berg LLC,paid,USD,6570.05,459.9,7029.95,2026-03-01T12:26:34.379632Z
493,43064,"Blackburn, Singleton and Willis",confirmed,GBP,15005.0,3001.0,18006.0,2026-03-01T12:26:34.425115Z
494,92171,"Barker, Fields and Ware",created,USD,3826.27,267.84,4094.11,2026-03-01T12:26:34.497394Z
495,99725,Lopez PLC,invoiced,EUR,5373.0,1074.6,6447.6,2026-03-01T12:26:34.552413Z
496,69175,Martinez-Bauer,paid,USD,5841.34,408.89,6250.23,2026-03-01T12:26:34.626780Z
497,44368,"Bernard, Whitaker and Cook",invoiced,GBP,1364.14,272.83,1636.97,2026-03-01T12:26:34.756912Z
498,73183,Carr-Wright,paid,GBP,11186.35,2237.27,13423.62,2026-03-01T12:26:34.770060Z
499,24904,Christensen Group,confirmed,EUR,2446.7,489.34,2936.04,2026-03-01T12:26:34.808501Z
500,70503,"Lane, Scott and Avila",paid,GBP,5452.1,1090.42,6542.52,2026-03-01T12:26:34.902193Z
501,93810,Fuller-Allen,confirmed,GBP,1247.0,249.4,1496.4,2026-03-01T12:26:34.969916Z
502,76257,Jackson-Bell,invoiced,USD,10360.41,725.23,11085.64,2026-03-01T12:26:35.027006Z
503,32408,Gomez and Sons,confirmed,GBP,8833.0,1766.6,10599.6,2026-03-01T12:26:35.115160Z
504,70675,"Richardson, Smith and Franco",paid,GBP,1891.52,378.3,2269.82,2026-03-01T12:26:35.141733Z
505,29609,Richard-Ramirez,confirmed,USD,9952.14,696.65,10648.79,2026-03-01T12:26:35.199245Z
506,74274,Reyes-Perry,invoiced,USD,45719.93,3200.4,48920.33,2026-03-01T12:26:35.289806Z
507,73197,"Johnston, Thomas and Rios",invoiced,GBP,3862.01,772.4,4634.41,2026-03-01T12:26:35.297731Z
508,81017,"Barnes, Jones and Green",invoiced,EUR,2.35,0.47,2.82,2026-03-01T12:26:35.349357Z
509,65116,Pineda Ltd,created,GBP,1486.57,297.31,1783.88,2026-03-01T12:26:35.445871Z
510,99729,"Mitchell, Barnes and Rodriguez",confirmed,USD,1.8,0.13,1.93,2026-03-01T12:26:35.442802Z
511,24216,Martinez-Sanchez,created,USD,1276.0,89.32,1365.32,2026-03-01T12:26:35.501940Z
512,12488,Thomas-Preston,paid,GBP,1.93,0.39,2.32,2026-03-01T12:26:35.623327Z
513,12157,Anderson PLC,invoiced,GBP,0.09,0.02,0.11,2026-03-01T12:26:35.619836Z
514,56943,Chen and Sons,confirmed,EUR,9589.37,1917.87,11507.24,2026-03-01T12:26:35.696360Z
515,31584,Frye-Hardin,invoiced,GBP,0.56,0.11,0.67,2026-03-01T12:26:35.692383Z
516,41203,"Norton, Cunningham and Serrano",confirmed,EUR,813.39,162.68,976.07,2026-03-01T12:26:35.803492Z
517,66613,"Odom, Powell and Gonzalez",confirmed,GBP,1.2,0.24,1.44,2026-03-01T12:26:35.819867Z
518,58720,"Kelly, Armstrong and Palmer",created,EUR,320.75,64.15,384.9,2026-03-01T12:26:35.959028Z
519,89095,Johnson-Rivera,confirmed,USD,4378.0,306.46,4684.46,2026-03-01T12:27:08.022754Z
520,11781,Huynh Group,created,USD,0.29,0.02,0.31,2026-03-01T12:26:35.996707Z
521,23086,Garrison LLC,confirmed,USD,5654.22,395.8,6050.02,2026-03-01T12:26:36.077883Z
522,20045,Hughes PLC,confirmed,USD,1.0,0.07,1.07,2026-03-01T12:26:36.146953Z
523,99642,"Zuniga, Ballard and Bennett",confirmed,EUR,39710.21,7942.04,47652.25,2026-03-01T12:26:36.208502Z
524,39531,Ray Group,paid,GBP,7761.32,1552.26,9313.58,2026-03-01T12:26:36.231509Z
525,81511,Wells and Sons,created,GBP,1981.68,396.34,2378.02,2026-03-01T12:26:36.252273Z
526,30143,Lopez LLC,invoiced,USD,13376.03,936.32,14312.35,2026-03-01T12:26:36.355372Z
527,66844,Rhodes-Nunez,created,USD,1686.04,118.02,1804.06,2026-03-01T12:26:36.426568Z
528,17434,"Torres, Salas and Freeman",paid,USD,2217.0,155.19,2372.19,2026-03-01T12:26:36.457169Z
529,95212,Manning and Sons,paid,USD,5160.0,361.2,5521.2,2026-03-01T12:26:36.477119Z
530,53100,Francis PLC,confirmed,EUR,14384.32,2876.86,17261.18,2026-03-01T12:26:36.581625Z
531,99491,Chaney Group,invoiced,USD,18377.23,1286.41,19663.64,2026-03-01T12:26:36.662458Z
532,37483,"Montgomery, Davis and Freeman",paid,USD,1.44,0.1,1.54,2026-03-01T12:26:36.727909Z
533,59493,Vazquez LLC,paid,GBP,7722.48,1544.5,9266.98,2026-03-01T12:26:36.793973Z
534,65351,"Gonzalez, Black and Wright",invoiced,GBP,2.31,0.46,2.77,2026-03-01T12:26:36.836893Z
535,28451,Myers-Fitzpatrick,invoiced,USD,3267.05,228.69,3495.74,2026-03-01T12:26:36.856181Z
536,35064,"Patel, Grimes and Smith",paid,GBP,17578.0,3515.6,21093.6,2026-03-01T12:26:36.913584Z
537,68224,Walker Group,invoiced,USD,0.83,0.06,0.89,2026-03-01T12:26:36.965167Z
538,45497,Williams-Ross,confirmed,GBP,1194.42,238.88,1433.3,2026-03-01T12:26:36.979311Z
539,48871,Potter Ltd,confirmed,EUR,30362.32,6072.46,36434.78,2026-03-01T12:26:37.067000Z
540,90368,"Barnett, Johnson and Flores",created,EUR,4770.0,954.0,5724.0,2026-03-01T12:26:37.105483Z
541,57016,Mcdonald and Sons,created,GBP,100.66,20.13,120.79,2026-03-01T12:26:37.229058Z
542,72988,Martin and Sons,created,EUR,0.1,0.02,0.12,2026-03-01T12:26:37.242158Z
543,94141,Davis Ltd,confirmed,GBP,9355.32,1871.06,11226.38,2026-03-01T12:26:37.321715Z
544,97231,Rodriguez-Carr,confirmed,GBP,261.34,52.27,313.61,2026-03-01T12:26:37.302776Z
545,38167,"Mcclain, Blackwell and Day",confirmed,GBP,1.1,0.22,1.32,2026-03-01T12:26:37.417217Z
546,11857,Sanders-English,confirmed,USD,2.78,0.19,2.97,2026-03-01T12:26:34.777081Z
547,15944,Warner LLC,created,GBP,7.0,1.4,8.4,2026-03-01T12:26:37.481893Z
548,14428,Wagner and Sons,invoiced,EUR,39148.0,7829.6,46977.6,2026-03-01T12:26:37.515472Z
549,94868,Harrison Ltd,confirmed,USD,6368.0,445.76,6813.76,2026-03-01T12:26:37.582278Z
550,71858,Harris-Wood,paid,GBP,1584.0,316.8,1900.8,2026-03-01T12:26:37.606837Z
551,77129,"Powers, Montoya and Smith",confirmed,GBP,400.96,80.19,481.15,2026-03-01T12:27:05.318646Z
552,12782,"Jones, Mason and Potter",paid,GBP,2.72,0.54,3.26,2026-03-01T12:26:37.768003Z
553,71845,Gibson Group,invoiced,USD,23532.0,1647.24,25179.24,2026-03-01T12:26:37.754720Z
554,77550,Thompson-Ward,invoiced,GBP,4853.96,970.79,5824.75,2026-03-01T12:27:05.394306Z
555,35342,Martin-Hoffman,invoiced,GBP,5481.11,1096.22,6577.33,2026-03-01T12:26:37.929732Z
556,71967,Lutz PLC,created,GBP,2.97,0.59,3.56,2026-03-01T12:26:37.997343Z
557,13232,"Garcia, Grant and Schroeder",paid,USD,3783.91,264.87,4048.78,2026-03-01T12:27:08.071699Z
558,60674,Gardner-Stone,created,USD,7167.52,501.73,7669.25,2026-03-01T12:27:05.531972Z
559,12034,"Mckee, Salinas and Riddle",confirmed,EUR,0.44,0.09,0.53,2026-03-01T12:26:38.163741Z
560,93682,Alvarez Group,created,EUR,32759.46,6551.89,39311.35,2026-03-01T12:26:38.134263Z
561,87669,"Gonzalez, Castro and Gonzalez",created,EUR,6766.0,1353.2,8119.2,2026-03-01T12:26:38.256279Z
562,58451,"Melton, Khan and Wilson",invoiced,GBP,2388.21,477.64,2865.85,2026-03-01T12:26:38.312825Z
563,78418,"Booth, Turner and Smith",confirmed,EUR,900.07,180.01,1080.08,2026-03-01T12:26:38.386460Z
564,48184,Haynes Inc,confirmed,USD,1791.0,125.37,1916.37,2026-03-01T12:26:38.390010Z
565,93162,Lang-Downs,confirmed,USD,1089.0,76.23,1165.23,2026-03-01T12:26:38.498049Z
566,73644,"Dorsey, Parker and Travis",confirmed,GBP,8324.0,1664.8,9988.8,2026-03-01T12:26:38.506931Z
567,28644,Alvarez-Boyer,created,GBP,3735.03,747.01,4482.04,2026-03-01T12:26:38.536236Z
568,23370,Medina Group,invoiced,EUR,0.16,0.03,0.19,2026-03-01T12:27:05.571793Z
569,91155,"Brown, Brown and Baker",created,GBP,8569.0,1713.8,10282.8,2026-03-01T12:26:38.658291Z
570,19993,Smith Inc,created,EUR,4622.0,924.4,5546.4,2026-03-01T12:26:38.729103Z
571,30002,Delacruz-Montgomery,created,EUR,3861.1,772.22,4633.32,2026-03-01T12:26:38.770643Z
572,37953,Stark-Hill,invoiced,EUR,1.19,0.24,1.43,2026-03-01T12:26:38.832971Z
573,95317,Bender-Brown,confirmed,GBP,1.47,0.29,1.76,2026-03-01T12:26:38.921245Z
574,50791,"Dunn, Garcia and Hall",created,GBP,7781.0,1556.2,9337.2,2026-03-01T12:26:39.000118Z
575,49964,"Durham, Trujillo and Pennington",confirmed,USD,2786.0,195.02,2981.02,2026-03-01T12:26:39.039319Z
576,87018,Gonzalez-Watkins,confirmed,USD,4161.2,291.28,4452.48,2026-03-01T12:26:39.021359Z
577,61331,Miles-Peterson,paid,GBP,2.72,0.54,3.26,2026-03-01T12:26:39.085048Z
578,48042,Lambert Ltd,paid,USD,6368.0,445.76,6813.76,2026-03-01T12:26:39.222869Z
579,51425,Colon-Bowen,created,GBP,48740.23,9748.05,58488.28,2026-03-01T12:26:39.193887Z
580,78639,"Phillips, Guerra and Faulkner",confirmed,EUR,9278.0,1855.6,11133.6,2026-03-01T12:26:39.244448Z
581,10906,Mitchell Group,confirmed,GBP,0.88,0.18,1.06,2026-03-01T12:26:39.386083Z
582,36855,"Ewing, Randall and Greer",paid,GBP,20774.0,4154.8,24928.8,2026-03-01T12:26:39.443985Z
583,80512,Roberts and Sons,paid,GBP,2674.6,534.92,3209.52,2026-03-01T12:26:39.470258Z
584,88071,"King, Jones and Phillips",invoiced,GBP,1.74,0.35,2.09,2026-03-01T12:26:39.527328Z
585,18181,Cortez and Sons,invoiced,USD,19975.26,1398.27,21373.53,2026-03-01T12:26:39.553738Z
586,45869,Wolf PLC,paid,EUR,0.7,0.14,0.84,2026-03-01T12:26:39.642033Z
587,52672,Pearson PLC,paid,USD,1.6,0.11,1.71,2026-03-01T12:26:39.715745Z
588,62669,Robinson-Meadows,paid,USD,6260.03,438.2,6698.23,2026-03-01T12:27:05.592548Z
589,25816,Schneider-Roberts,confirmed,GBP,3268.61,653.72,3922.33,2026-03-01T12:26:39.758026Z
590,13291,Ryan Group,paid,GBP,5.77,1.15,6.92,2026-03-01T12:26:39.819037Z
591,81917,Hunter-Ramos,invoiced,GBP,0.22,0.04,0.26,2026-03-01T12:26:39.892711Z
592,19519,Duffy-Martin,paid,GBP,1.45,0.29,1.74,2026-03-01T12:26:39.977983Z
593,51341,Cooper-Glover,paid,USD,116.0,8.12,124.12,2026-03-01T12:26:39.996107Z
594,26484,Vega-Lee,confirmed,USD,21727.0,1520.89,23247.89,2026-03-01T12:26:40.054109Z
595,56613,Day-Simon,created,USD,3.92,0.27,4.19,2026-03-01T12:26:40.148527Z
596,62988,Pennington and Sons,created,EUR,493.0,98.6,591.6,2026-03-01T12:26:40.144705Z
597,23307,Scott Inc,created,EUR,3395.0,679.0,4074.0,2026-03-01T12:26:40.194107Z
598,23038,"Quinn, Holmes and Conley",created,EUR,0.04,0.01,0.05,2026-03-01T12:26:40.293936Z
599,14353,Martinez-Hamilton,created,USD,34315.1,2402.06,36717.16,2026-03-01T12:26:40.331650Z
600,44680,Chen-Hernandez,paid,USD,1.15,0.08,1.23,2026-03-01T12:26:40.396692Z
601,35253,"Bradley, Navarro and Rodriguez",confirmed,GBP,40125.0,8025.0,48150.0,2026-03-01T12:26:40.493152Z
602,62596,Cook Ltd,confirmed,GBP,0.41,0.08,0.49,2026-03-01T12:26:40.497482Z
603,31600,"Carroll, Griffin and Lane",confirmed,USD,29620.0,2073.4,31693.4,2026-03-01T12:26:40.577947Z
604,18403,Pruitt LLC,confirmed,USD,1.44,0.1,1.54,2026-03-01T12:26:40.582183Z
605,32573,"Morse, Payne and Garcia",created,USD,0.05,0.0,0.05,2026-03-01T12:26:40.703471Z
606,17392,Wade-Keller,created,EUR,0.53,0.11,0.64,2026-03-01T12:26:40.734451Z
607,20252,Anderson Inc,invoiced,GBP,1.34,0.27,1.61,2026-03-01T12:26:40.835605Z
608,27212,"Dyer, Mccarthy and Washington",created,USD,19977.05,1398.39,21375.44,2026-03-01T12:26:40.825926Z
609,92562,"Parker, Thompson and Holland",confirmed,GBP,4257.66,851.53,5109.19,2026-03-01T12:26:40.896712Z
610,68303,Parker-Ewing,created,USD,37554.84,2628.84,40183.68,2026-03-01T12:26:40.941550Z
611,81255,Soto-Ashley,created,USD,4456.01,311.92,4767.93,2026-03-01T12:26:40.969611Z
612,39506,Ayala PLC,invoiced,GBP,1708.92,341.78,2050.7,2026-03-01T12:26:41.081299Z
613,46338,French PLC,invoiced,USD,0.28,0.02,0.3,2026-03-01T12:26:41.086633Z
614,43272,Morrison and Sons,created,GBP,7257.08,1451.42,8708.5,2026-03-01T12:26:41.146631Z
615,40287,Jones-Douglas,invoiced,GBP,8789.0,1757.8,10546.8,2026-03-01T12:26:41.225680Z
616,13497,"West, Montoya and White",created,USD,0.21,0.01,0.22,2026-03-01T12:26:41.293733Z
617,72079,Salas-Flores,confirmed,GBP,594.0,118.8,712.8,2026-03-01T12:26:41.319852Z
618,70260,"Vance, Alexander and Edwards",created,GBP,899.0,179.8,1078.8,2026-03-01T12:26:41.392032Z
619,76690,Singh Group,confirmed,EUR,2.48,0.5,2.98,2026-03-01T12:26:41.416350Z
620,39283,Romero-Franklin,invoiced,EUR,5451.0,1090.2,6541.2,2026-03-01T12:26:41.508401Z
621,51195,"Hanson, Howard and Pitts",confirmed,USD,794.39,55.61,850.0,2026-03-01T12:26:41.549476Z
622,48745,Pollard Group,paid,USD,33748.0,2362.36,36110.36,2026-03-01T12:26:41.615201Z
623,15930,Jackson-Brown,created,EUR,0.32,0.06,0.38,2026-03-01T12:27:05.678835Z
624,34798,Sanchez LLC,invoiced,USD,1.07,0.07,1.14,2026-03-01T12:26:41.699130Z
625,63591,George-Velazquez,confirmed,EUR,1421.05,284.21,1705.26,2026-03-01T12:26:41.804950Z
626,57903,Walker Ltd,created,EUR,17578.97,3515.79,21094.76,2026-03-01T12:26:41.872552Z
627,42883,"Matthews, Martinez and Smith",paid,EUR,1.35,0.27,1.62,2026-03-01T12:26:41.883798Z
628,62088,Pierce Ltd,created,USD,2.31,0.16,2.47,2026-03-01T12:26:41.920593Z
629,17075,Burns-Frost,confirmed,USD,1.89,0.13,2.02,2026-03-01T12:26:42.023039Z
630,69668,Middleton Inc,paid,GBP,1189.37,237.87,1427.24,2026-03-01T12:26:42.088427Z
631,47120,Bradford-Thompson,confirmed,GBP,6568.76,1313.75,7882.51,2026-03-01T12:26:42.152113Z
632,58125,Arroyo Inc,invoiced,EUR,4179.0,835.8,5014.8,2026-03-01T12:26:42.178764Z
633,15828,Mooney-Monroe,paid,USD,12784.0,894.88,13678.88,2026-03-01T12:27:05.746747Z
634,26742,Banks Inc,created,EUR,1.63,0.33,1.96,2026-03-01T12:26:42.286546Z
635,55298,Strickland-Matthews,created,GBP,4379.5,875.9,5255.4,2026-03-01T12:26:42.367277Z
636,36188,Thompson PLC,invoiced,USD,5366.0,375.62,5741.62,2026-03-01T12:26:42.419053Z
637,74363,Adams and Sons,confirmed,USD,14382.0,1006.74,15388.74,2026-03-01T12:26:42.498273Z
638,92719,Kennedy LLC,confirmed,USD,0.4,0.03,0.43,2026-03-01T12:26:42.555015Z
639,90515,Sutton-Thomas,confirmed,USD,1.84,0.13,1.97,2026-03-01T12:26:42.543660Z
640,12375,"Bryant, Brown and Wolf",confirmed,GBP,6767.72,1353.54,8121.26,2026-03-01T12:26:42.592170Z
641,60102,Silva Group,paid,EUR,34416.48,6883.3,41299.78,2026-03-01T12:26:42.718756Z
642,96567,Grimes-Wagner,paid,USD,0.23,0.02,0.25,2026-03-01T12:26:42.753374Z
643,82170,Gallagher-Peterson,created,GBP,32760.27,6552.05,39312.32,2026-03-01T12:26:42.761593Z
644,73649,Reynolds-Rodriguez,invoiced,USD,3457.18,242.0,3699.18,2026-03-01T12:26:42.853323Z
645,35842,"Hernandez, Parsons and Campbell",paid,USD,27166.14,1901.63,29067.77,2026-03-01T12:26:42.860632Z
646,85061,"French, Simon and Gilbert",confirmed,USD,396.31,27.74,424.05,2026-03-01T12:26:42.948186Z
647,96321,"Reed, Jones and Reyes",invoiced,GBP,38798.0,7759.6,46557.6,2026-03-01T12:26:43.016947Z
648,94148,Duncan PLC,confirmed,EUR,2.63,0.53,3.16,2026-03-01T12:26:43.092188Z
649,57021,Kelly PLC,invoiced,USD,38352.01,2684.64,41036.65,2026-03-01T12:26:43.126468Z
650,51144,"Sutton, Beard and Cole",created,EUR,0.08,0.02,0.1,2026-03-01T12:26:43.161626Z
651,15724,"Anderson, Johnson and Holt",created,USD,15472.01,1083.04,16555.05,2026-03-01T12:26:43.274935Z
652,28858,"Lane, Schmidt and Allison",created,EUR,7990.0,1598.0,9588.0,2026-03-01T12:26:43.278632Z
653,74661,"Jackson, Camacho and Ramos",invoiced,GBP,39951.2,7990.24,47941.44,2026-03-01T12:27:05.800878Z
654,96487,"Cruz, Edwards and Fields",confirmed,EUR,3.16,0.63,3.79,2026-03-01T12:26:43.410603Z
655,14756,Mitchell Inc,paid,GBP,1450.0,290.0,1740.0,2026-03-01T12:26:43.486081Z
656,97242,"Jennings, Duncan and Williams",confirmed,USD,0.91,0.06,0.97,2026-03-01T12:26:43.483427Z
657,88005,Mccormick-Stewart,paid,EUR,3185.3,637.06,3822.36,2026-03-01T12:27:05.875447Z
658,30037,Brown-Stone,confirmed,EUR,2.32,0.46,2.78,2026-03-01T12:26:43.589848Z
659,48296,Lee-Malone,paid,USD,11027.19,771.9,11799.09,2026-03-01T12:26:43.678416Z
660,12114,"Davidson, Gray and Rivers",confirmed,USD,1.13,0.08,1.21,2026-03-01T12:26:43.762921Z
661,32905,Collins-Miller,invoiced,USD,29144.01,2040.08,31184.09,2026-03-01T12:26:43.834948Z
662,93177,Johnson LLC,confirmed,USD,24769.0,1733.83,26502.83,2026-03-01T12:27:05.891247Z
663,90547,Ramos Ltd,confirmed,EUR,13134.25,2626.85,15761.1,2026-03-01T12:26:43.875762Z
664,77433,Mahoney-Garner,invoiced,EUR,5373.0,1074.6,6447.6,2026-03-01T12:26:43.917585Z
665,78321,"Perez, Wallace and Perez",confirmed,EUR,3.28,0.66,3.94,2026-03-01T12:26:44.032163Z
666,69784,Hamilton-Mason,invoiced,GBP,1486.27,297.25,1783.52,2026-03-01T12:26:44.083359Z
667,23523,"Hamilton, Butler and Collins",confirmed,USD,7164.61,501.52,7666.13,2026-03-01T12:26:44.109544Z
668,70558,Smith and Sons,paid,USD,26367.0,1845.69,28212.69,2026-03-01T12:26:44.130207Z
669,49566,"Meyer, Schneider and Turner",paid,EUR,4776.0,955.2,5731.2,2026-03-01T12:26:44.224230Z
670,84047,Mclaughlin-Gutierrez,invoiced,USD,29564.04,2069.48,31633.52,2026-03-01T12:27:05.969411Z
671,87003,Wall Ltd,paid,EUR,175.39,35.08,210.47,2026-03-01T12:26:44.331942Z
672,12332,Lewis and Sons,paid,EUR,1388.0,277.6,1665.6,2026-03-01T12:26:44.352614Z
673,79432,Griffin-Lopez,invoiced,GBP,3995.0,799.0,4794.0,2026-03-01T12:26:44.424395Z
674,63199,Miller and Sons,created,GBP,1.46,0.29,1.75,2026-03-01T12:26:44.563231Z
675,37071,Sullivan-Avery,invoiced,EUR,10762.0,2152.4,12914.4,2026-03-01T12:27:06.012111Z
676,13936,"Dean, Francis and Kelley",created,USD,5175.39,362.28,5537.67,2026-03-01T12:26:44.623260Z
677,92493,Schneider Ltd,confirmed,EUR,783.0,156.6,939.6,2026-03-01T12:26:44.648702Z
678,24385,Smith-Fuentes,created,EUR,0.55,0.11,0.66,2026-03-01T12:26:44.714120Z
679,95617,"Schmidt, Hughes and Gomez",invoiced,EUR,8358.0,1671.6,10029.6,2026-03-01T12:26:44.837977Z
680,90278,York-Anderson,invoiced,USD,174.0,12.18,186.18,2026-03-01T12:26:44.888578Z
681,64237,"Stewart, Lowery and Osborne",created,USD,199.39,13.96,213.35,2026-03-01T12:26:44.882596Z
682,79329,Gonzalez Inc,confirmed,GBP,437.0,87.4,524.4,2026-03-01T12:26:45.005569Z
683,62098,Ramirez and Sons,invoiced,GBP,0.99,0.2,1.19,2026-03-01T12:26:45.042040Z
684,60849,"Munoz, Galvan and Ryan",paid,USD,0.41,0.03,0.44,2026-03-01T12:26:45.119996Z
685,49003,Sanchez LLC,paid,USD,783.9,54.87,838.77,2026-03-01T12:26:45.116686Z
686,78881,"Carter, Carter and Franco",invoiced,EUR,2376.0,475.2,2851.2,2026-03-01T12:26:45.191892Z
687,63164,Carson Group,invoiced,USD,19178.29,1342.48,20520.77,2026-03-01T12:26:45.234572Z
688,45107,Montes-Wright,invoiced,EUR,19177.6,3835.52,23013.12,2026-03-01T12:26:45.274940Z
689,89752,Shields Inc,created,GBP,7011.0,1402.2,8413.2,2026-03-01T12:26:45.371352Z
690,52797,"Ford, White and Cortez",confirmed,USD,32109.0,2247.63,34356.63,2026-03-01T12:27:06.110464Z
691,29672,Garcia LLC,invoiced,EUR,6392.0,1278.4,7670.4,2026-03-01T12:26:45.464409Z
692,13108,"Giles, Anderson and Gibson",paid,GBP,39152.08,7830.42,46982.5,2026-03-01T12:26:45.555974Z
693,73151,Perkins LLC,confirmed,EUR,24769.0,4953.8,29722.8,2026-03-01T12:26:45.524878Z
694,71670,Townsend-Garcia,invoiced,GBP,1287.0,257.4,1544.4,2026-03-01T12:26:45.622873Z
695,53440,"Sanchez, Atkins and Kelley",paid,USD,3184.0,222.88,3406.88,2026-03-01T12:26:45.700640Z
696,31980,Hogan Ltd,paid,USD,5.11,0.36,5.47,2026-03-01T12:26:45.770920Z
697,27928,"Brown, Mejia and Fuentes",confirmed,GBP,3.52,0.7,4.22,2026-03-01T12:26:45.843917Z
698,57386,Rangel-Gonzales,paid,GBP,1146.56,229.31,1375.87,2026-03-01T12:26:45.884536Z
699,58107,Pruitt Ltd,created,GBP,6.1,1.22,7.32,2026-03-01T12:26:45.857779Z
700,31786,West and Sons,paid,GBP,3846.07,769.21,4615.28,2026-03-01T12:26:45.954931Z
701,46645,Garcia-Buchanan,invoiced,EUR,8758.88,1751.78,10510.66,2026-03-01T12:26:45.979205Z
702,24180,Johnson LLC,confirmed,USD,55930.0,3915.1,59845.1,2026-03-01T12:26:46.072613Z
703,16570,Moore-Bonilla,paid,USD,0.27,0.02,0.29,2026-03-01T12:26:46.097427Z
704,91609,Robbins-Knight,invoiced,GBP,4777.89,955.58,5733.47,2026-03-01T12:26:46.201418Z
705,44004,Phillips Ltd,invoiced,EUR,2.8,0.56,3.36,2026-03-01T12:26:46.254496Z
706,91869,Alvarado-Moss,confirmed,EUR,7763.07,1552.61,9315.68,2026-03-01T12:26:46.251732Z
707,12312,"Chen, Rogers and Goodman",paid,USD,0.5,0.04,0.54,2026-03-01T12:26:46.385183Z
708,26306,"Decker, Newman and Carter",invoiced,USD,4257.0,297.99,4554.99,2026-03-01T12:26:46.431137Z
709,80013,"Adams, Wright and Jackson",created,USD,0.32,0.02,0.34,2026-03-01T12:26:46.502781Z
710,59883,"Hawkins, Vazquez and Gonzales",confirmed,GBP,174.0,34.8,208.8,2026-03-01T12:26:46.564316Z
711,90576,Long-Coleman,created,USD,2475.0,173.25,2648.25,2026-03-01T12:26:46.584869Z
712,48209,"Porter, Miller and Simmons",created,GBP,5771.0,1154.2,6925.2,2026-03-01T12:26:46.612538Z
713,61131,"Mitchell, Mendoza and Powell",invoiced,EUR,1.84,0.37,2.21,2026-03-01T12:26:46.678998Z
714,25347,Lynn Inc,created,GBP,4950.0,990.0,5940.0,2026-03-01T12:26:46.753891Z
715,77260,Hernandez and Sons,confirmed,EUR,0.07,0.01,0.08,2026-03-01T12:26:46.771886Z
716,31440,Harmon-Wright,invoiced,EUR,9145.04,1829.01,10974.05,2026-03-01T12:26:46.841447Z
717,41216,"Hernandez, Carrillo and Perez",confirmed,USD,0.01,0.0,0.01,2026-03-01T12:26:46.913962Z
718,44113,"Walker, Washington and Anderson",created,USD,8789.0,615.23,9404.23,2026-03-01T12:26:46.966609Z
719,46227,"Rodriguez, White and Campbell",paid,EUR,754.0,150.8,904.8,2026-03-01T12:26:46.979427Z
720,30372,Adkins Group,confirmed,EUR,8465.04,1693.01,10158.05,2026-03-01T12:26:47.045244Z
721,30103,"Gutierrez, Hodges and Cooper",confirmed,USD,1.6,0.11,1.71,2026-03-01T12:26:47.087632Z
722,90006,"Hernandez, Torres and Patel",paid,USD,8756.0,612.92,9368.92,2026-03-01T12:26:47.228876Z
723,81119,Harris and Sons,created,USD,37553.0,2628.71,40181.71,2026-03-01T12:26:47.200117Z
724,48074,Love Ltd,created,EUR,0.06,0.01,0.07,2026-03-01T12:26:47.291252Z
725,21207,Williams-Spencer,paid,USD,2574.76,180.23,2754.99,2026-03-01T12:26:47.327160Z
726,44515,Mullen-Ortiz,created,GBP,9353.82,1870.76,11224.58,2026-03-01T12:26:47.362467Z
727,79196,Stone Ltd,invoiced,EUR,2.11,0.42,2.53,2026-03-01T12:26:47.510720Z
728,15323,Foley-Dawson,created,USD,7261.01,508.27,7769.28,2026-03-01T12:26:47.482733Z
729,52896,Lane-Davis,confirmed,USD,1.42,0.1,1.52,2026-03-01T12:27:06.134348Z
730,49749,Williamson PLC,confirmed,EUR,5267.0,1053.4,6320.4,2026-03-01T12:26:47.665776Z
731,19096,"Herrera, Olsen and Garcia",invoiced,GBP,2589.0,517.8,3106.8,2026-03-01T12:26:47.639468Z
732,96803,Gates Ltd,confirmed,USD,1.11,0.08,1.19,2026-03-01T12:26:47.762456Z
733,64643,"Hayes, Saunders and Hernandez",confirmed,USD,147.39,10.32,157.71,2026-03-01T12:26:47.765976Z
734,99142,French-Pennington,invoiced,USD,667.0,46.69,713.69,2026-03-01T12:27:06.159525Z
735,65805,Johnson Group,invoiced,EUR,9203.94,1840.79,11044.73,2026-03-01T12:26:47.916830Z
736,43160,Jones Group,invoiced,USD,2787.72,195.14,2982.86,2026-03-01T12:26:47.968710Z
737,10364,"Lopez, Lopez and Lee",created,GBP,1091.32,218.26,1309.58,2026-03-01T12:26:48.004954Z
738,31468,Scott and Sons,confirmed,USD,3861.0,270.27,4131.27,2026-03-01T12:27:06.246824Z
739,35534,"Holt, Mendoza and Lopez",paid,GBP,11653.27,2330.65,13983.92,2026-03-01T12:26:48.107023Z
740,85342,Wilkinson LLC,confirmed,USD,0.15,0.01,0.16,2026-03-01T12:26:48.208453Z
741,38945,"Hardy, Smith and Fisher",created,GBP,0.32,0.06,0.38,2026-03-01T12:26:48.270660Z
742,64408,Taylor-Aguilar,confirmed,USD,1980.8,138.66,2119.46,2026-03-01T12:26:48.274635Z
743,47229,"Proctor, Johnson and Coleman",invoiced,USD,1.68,0.12,1.8,2026-03-01T12:26:48.365464Z
744,50497,"Roth, Meyer and Guerra",invoiced,GBP,378.31,75.66,453.97,2026-03-01T12:26:48.410983Z
745,38912,"Contreras, Richardson and Whitehead",confirmed,GBP,10548.03,2109.61,12657.64,2026-03-01T12:27:06.288997Z
746,65547,"Moore, Gibbs and Cunningham",paid,USD,39152.23,2740.66,41892.89,2026-03-01T12:26:48.494554Z
747,49128,"Wilson, West and Roberts",invoiced,USD,4356.99,304.99,4661.98,2026-03-01T12:26:48.525110Z
748,19369,Herring LLC,confirmed,USD,13532.86,947.3,14480.16,2026-03-01T12:26:48.587363Z
749,69757,"Davenport, Fischer and Jackson",confirmed,GBP,0.83,0.17,1.0,2026-03-01T12:26:48.686867Z
750,52822,Taylor-Allen,invoiced,USD,5191.89,363.43,5555.32,2026-03-01T12:26:48.735309Z
751,78157,Davies LLC,created,EUR,0.04,0.01,0.05,2026-03-01T12:27:06.342825Z
752,77690,"Johnson, Kent and Long",created,EUR,0.04,0.01,0.05,2026-03-01T12:26:48.833776Z
753,57824,Hendricks LLC,confirmed,EUR,0.24,0.05,0.29,2026-03-01T12:26:48.881854Z
754,33511,"Jimenez, Taylor and Henson",paid,GBP,464.13,92.83,556.96,2026-03-01T12:26:48.945237Z
755,78326,Cook-Brown,created,GBP,8161.05,1632.21,9793.26,2026-03-01T12:26:49.039163Z
756,70187,Williamson-Franklin,invoiced,USD,42347.0,2964.29,45311.29,2026-03-01T12:26:49.058124Z
757,61955,"Lopez, Lee and Cervantes",invoiced,EUR,1.76,0.35,2.11,2026-03-01T12:26:49.106577Z
758,53421,Cervantes PLC,paid,EUR,40148.44,8029.69,48178.13,2026-03-01T12:26:49.171567Z
759,17739,"Jones, Velazquez and Logan",paid,EUR,23970.0,4794.0,28764.0,2026-03-01T12:26:49.268365Z
760,27586,Atkins Inc,paid,EUR,0.08,0.02,0.1,2026-03-01T12:27:06.378230Z
761,39496,"Norman, Walker and Scott",paid,GBP,174.0,34.8,208.8,2026-03-01T12:26:49.305764Z
762,93240,Zavala-Price,confirmed,EUR,16897.0,3379.4,20276.4,2026-03-01T12:26:49.411276Z
763,91371,Waller Inc,invoiced,GBP,23971.77,4794.35,28766.12,2026-03-01T12:27:06.484182Z
764,97588,Jones Group,created,USD,11517.0,806.19,12323.19,2026-03-01T12:26:49.519863Z
765,14389,Sanchez-Hill,invoiced,EUR,0.29,0.06,0.35,2026-03-01T12:26:49.548101Z
766,46492,Bailey LLC,created,EUR,3366.32,673.26,4039.58,2026-03-01T12:26:49.672432Z
767,24063,Soto and Sons,confirmed,GBP,4653.0,930.6,5583.6,2026-03-01T12:26:49.701845Z
768,21464,Bryant-Mosley,paid,USD,44744.16,3132.09,47876.25,2026-03-01T12:26:49.728442Z
769,11502,Bishop Inc,paid,USD,22373.76,1566.16,23939.92,2026-03-01T12:27:06.512192Z
770,59961,Meadows Group,confirmed,GBP,21573.13,4314.63,25887.76,2026-03-01T12:26:49.853769Z
771,59192,Thompson Group,paid,GBP,0.71,0.14,0.85,2026-03-01T12:26:49.857344Z
772,23700,"Rivera, Williams and Thomas",created,EUR,3781.0,756.2,4537.2,2026-03-01T12:26:49.972444Z
773,32537,Powers-Klein,invoiced,EUR,12619.52,2523.9,15143.42,2026-03-01T12:26:50.004876Z
774,49547,Wilson PLC,confirmed,USD,1190.64,83.34,1273.98,2026-03-01T12:26:50.102896Z
775,73741,Ibarra Ltd,created,GBP,9230.12,1846.02,11076.14,2026-03-01T12:26:50.106402Z
776,69047,"Luna, Kim and Kennedy",created,GBP,1287.0,257.4,1544.4,2026-03-01T12:27:06.557175Z
777,40059,Griffin-Richardson,created,GBP,30363.15,6072.63,36435.78,2026-03-01T12:26:50.282596Z
778,15576,Anderson-Mora,confirmed,USD,1980.0,138.6,2118.6,2026-03-01T12:26:50.302538Z
779,83810,"Trujillo, Thompson and Huffman",created,USD,16399.0,1147.93,17546.93,2026-03-01T12:26:50.331300Z
780,36435,"Roman, Copeland and Schmitt",confirmed,USD,2625.26,183.77,2809.03,2026-03-01T12:26:50.460566Z
781,38013,Morales LLC,confirmed,GBP,3533.9,706.78,4240.68,2026-03-01T12:26:50.502456Z
782,97701,King PLC,confirmed,EUR,667.0,133.4,800.4,2026-03-01T12:26:50.514967Z
783,82024,"Brennan, Gonzalez and Powell",confirmed,EUR,9213.0,1842.6,11055.6,2026-03-01T12:26:50.560591Z
784,66729,"Johnson, Wright and Torres",created,USD,1.84,0.13,1.97,2026-03-01T12:26:50.664473Z
785,77541,Barrera Group,paid,EUR,39950.18,7990.04,47940.22,2026-03-01T12:26:50.674625Z
786,58521,Klein Ltd,confirmed,USD,0.69,0.05,0.74,2026-03-01T12:26:50.728753Z
787,50156,Chen-Hernandez,paid,GBP,1.97,0.39,2.36,2026-03-01T12:26:50.813741Z
788,86895,Peck-Smith,confirmed,USD,5771.45,404.0,6175.45,2026-03-01T12:26:50.854279Z
789,72739,"Little, Henry and Myers",created,USD,3865.78,270.6,4136.38,2026-03-01T12:26:50.914629Z
790,93824,"Roberts, Reese and Freeman",paid,GBP,2.02,0.4,2.42,2026-03-01T12:26:50.969567Z
791,98526,Wheeler and Sons,paid,EUR,1549.9,309.98,1859.88,2026-03-01T12:26:51.009691Z
792,84905,"Deleon, Choi and Hicks",paid,GBP,18548.0,3709.6,22257.6,2026-03-01T12:26:51.041322Z
793,90297,"Adams, Patel and Horton",confirmed,GBP,0.03,0.01,0.04,2026-03-01T12:26:51.122569Z
794,50325,Boyd LLC,confirmed,EUR,11159.76,2231.95,13391.71,2026-03-01T12:26:51.205641Z
795,62531,Simpson-Phillips,created,USD,6692.0,468.44,7160.44,2026-03-01T12:26:51.210394Z
796,83550,Olson-Williamson,invoiced,GBP,6960.15,1392.03,8352.18,2026-03-01T12:26:51.264797Z
797,88018,Martinez-Mendoza,paid,USD,0.28,0.02,0.3,2026-03-01T12:26:51.373479Z
798,63932,Patterson-Russell,confirmed,USD,0.73,0.05,0.78,2026-03-01T12:26:51.362839Z
799,34963,"Gray, Smith and White",confirmed,GBP,2475.0,495.0,2970.0,2026-03-01T12:26:51.456262Z
800,97996,Dodson-Williams,confirmed,EUR,784.27,156.85,941.12,2026-03-01T12:26:51.514788Z
801,23780,Kelly Group,paid,EUR,21573.0,4314.6,25887.6,2026-03-01T12:26:51.531843Z
802,81912,Pierce LLC,created,GBP,21573.0,4314.6,25887.6,2026-03-01T12:26:51.593311Z
803,24309,Freeman Group,paid,GBP,4378.0,875.6,5253.6,2026-03-01T12:26:51.729418Z
804,72767,"Stevens, Mullen and Conley",created,GBP,15080.0,3016.0,18096.0,2026-03-01T12:26:51.794132Z
805,74761,Atkinson Inc,invoiced,EUR,2475.0,495.0,2970.0,2026-03-01T12:26:51.827829Z
806,69763,Knight PLC,confirmed,GBP,1044.0,208.8,1252.8,2026-03-01T12:27:08.172122Z
807,58176,"Garcia, Martin and Lara",created,USD,35575.0,2490.25,38065.25,2026-03-01T12:26:51.884177Z
808,57760,Santos-Le,confirmed,GBP,2189.29,437.86,2627.15,2026-03-01T12:27:06.659762Z
809,16592,Lopez-Norton,confirmed,EUR,3.12,0.62,3.74,2026-03-01T12:26:52.064182Z
810,85186,Humphrey-Martin,created,GBP,67487.0,13497.4,80984.4,2026-03-01T12:26:52.057771Z
811,21935,Estes PLC,created,EUR,15181.0,3036.2,18217.2,2026-03-01T12:26:52.099428Z
812,14106,Austin-Espinoza,paid,USD,2.8,0.2,3.0,2026-03-01T12:26:52.135084Z
813,26488,Mcbride Ltd,confirmed,GBP,1.01,0.2,1.21,2026-03-01T12:26:52.233793Z
814,88764,Summers and Sons,confirmed,EUR,23741.69,4748.34,28490.03,2026-03-01T12:26:52.298406Z
815,11669,Williams-Parker,confirmed,USD,8644.49,605.11,9249.6,2026-03-01T12:26:52.349113Z
816,30995,"Rodriguez, Jenkins and Davis",created,USD,37086.0,2596.02,39682.02,2026-03-01T12:26:52.445437Z
817,26714,"Flores, Whitaker and King",paid,USD,9154.0,640.78,9794.78,2026-03-01T12:26:52.431776Z
818,71591,"Flores, Ferguson and Briggs",created,GBP,6634.84,1326.97,7961.81,2026-03-01T12:26:52.543725Z
819,57694,Anderson LLC,invoiced,EUR,0.7,0.14,0.84,2026-03-01T12:26:52.597312Z
820,38389,Rangel-Henry,created,EUR,8557.41,1711.48,10268.89,2026-03-01T12:26:52.623665Z
821,84749,"Riggs, Torres and Ward",confirmed,EUR,14253.0,2850.6,17103.6,2026-03-01T12:26:52.667139Z
822,24910,Morris-Chandler,invoiced,EUR,0.42,0.08,0.5,2026-03-01T12:26:52.727755Z
823,54087,"Harrell, Martin and Davis",paid,EUR,1980.0,396.0,2376.0,2026-03-01T12:26:52.773690Z
824,94523,Gardner Inc,paid,USD,23970.07,1677.9,25647.97,2026-03-01T12:26:52.823923Z
825,45451,"Rowland, Carter and Lloyd",paid,USD,15181.0,1062.67,16243.67,2026-03-01T12:26:52.860067Z
826,82522,"King, Kelly and Thomas",created,USD,27166.0,1901.62,29067.62,2026-03-01T12:26:52.980199Z
827,56780,Freeman-Williams,confirmed,USD,2.48,0.17,2.65,2026-03-01T12:26:52.976550Z
828,36060,Cummings and Sons,paid,USD,397.03,27.79,424.82,2026-03-01T12:27:06.745147Z
829,37032,Ruiz-Lee,invoiced,GBP,0.98,0.2,1.18,2026-03-01T12:26:53.128699Z
830,23855,"Gill, Hill and Meyers",confirmed,GBP,960.28,192.06,1152.34,2026-03-01T12:26:53.147959Z
831,30627,Lozano-Chen,confirmed,USD,0.49,0.03,0.52,2026-03-01T12:26:53.256560Z
832,95506,"Rogers, Hart and Perez",created,GBP,299.8,59.96,359.76,2026-03-01T12:26:53.317422Z
833,84334,"Roberts, Ray and Rodriguez",paid,GBP,0.4,0.08,0.48,2026-03-01T12:27:06.831807Z
834,48719,Walker and Sons,created,GBP,5731.57,1146.31,6877.88,2026-03-01T12:26:53.415700Z
835,90876,"Bean, Walton and Haynes",confirmed,USD,4356.0,304.92,4660.92,2026-03-01T12:26:53.453731Z
836,63442,Hansen Ltd,confirmed,EUR,0.08,0.02,0.1,2026-03-01T12:26:53.488580Z
837,82819,Wallace-Aguirre,paid,USD,18575.3,1300.27,19875.57,2026-03-01T12:27:06.861884Z
838,76592,"Morris, Bush and Grimes",created,EUR,8358.0,1671.6,10029.6,2026-03-01T12:26:53.597497Z
839,91070,Combs Ltd,invoiced,USD,1.83,0.13,1.96,2026-03-01T12:26:53.712842Z
840,37178,Bryant-Charles,confirmed,USD,40791.0,2855.37,43646.37,2026-03-01T12:26:53.709248Z
841,85718,"Horton, George and Lewis",paid,USD,1220.23,85.42,1305.65,2026-03-01T12:26:53.833971Z
842,18716,Thompson-Miller,created,GBP,483.64,96.73,580.37,2026-03-01T12:26:53.865374Z
843,97214,"Meyer, Padilla and Warner",invoiced,EUR,0.04,0.01,0.05,2026-03-01T12:26:53.911117Z
844,94554,"Mills, Osborn and Rodriguez",paid,EUR,5841.45,1168.29,7009.74,2026-03-01T12:26:53.995644Z
845,17346,Wong-Schmidt,created,GBP,9751.0,1950.2,11701.2,2026-03-01T12:26:53.990363Z
846,23410,Freeman and Sons,created,USD,4182.84,292.8,4475.64,2026-03-01T12:26:54.074837Z
847,61058,White-Kirk,created,GBP,0.55,0.11,0.66,2026-03-01T12:26:54.144053Z
848,68313,Brock-Buck,confirmed,EUR,5572.48,1114.5,6686.98,2026-03-01T12:26:54.213097Z
849,10390,"Brown, Guerrero and Frye",confirmed,GBP,1190.15,238.03,1428.18,2026-03-01T12:26:54.188960Z
850,74757,Davis-Pearson,paid,USD,3453.0,241.71,3694.71,2026-03-01T12:26:54.273572Z
851,85996,Graves-Bryant,confirmed,EUR,1073.0,214.6,1287.6,2026-03-01T12:26:54.371373Z
852,90739,Reynolds Group,confirmed,EUR,34357.02,6871.4,41228.42,2026-03-01T12:26:54.419898Z
853,63046,Boyer-Garner,invoiced,GBP,8976.0,1795.2,10771.2,2026-03-01T12:26:54.413727Z
854,56363,Hardy-Mason,created,USD,11477.13,803.4,12280.53,2026-03-01T12:26:54.547599Z
855,42650,Moore-Newton,paid,GBP,1.05,0.21,1.26,2026-03-01T12:26:54.582663Z
856,38476,Saunders Inc,paid,USD,11985.56,838.99,12824.55,2026-03-01T12:26:54.635539Z
857,73115,"Neal, Clarke and Lambert",paid,GBP,3069.0,613.8,3682.8,2026-03-01T12:26:54.679208Z
858,79361,"Davis, Moore and Oneill",confirmed,EUR,29563.23,5912.65,35475.88,2026-03-01T12:26:54.709659Z
859,85033,Martinez Ltd,paid,EUR,26340.0,5268.0,31608.0,2026-03-01T12:26:54.748681Z
860,28119,Contreras Inc,created,EUR,2.21,0.44,2.65,2026-03-01T12:26:54.865834Z
861,68470,Sexton-Williams,confirmed,USD,19756.0,1382.92,21138.92,2026-03-01T12:26:54.918385Z
862,84054,"Harris, Mason and Wiggins",confirmed,GBP,0.26,0.05,0.31,2026-03-01T12:26:55.000947Z
863,86217,Ryan-Horne,created,GBP,0.24,0.05,0.29,2026-03-01T12:26:55.009281Z
864,50080,Johnson-Frazier,invoiced,USD,813.34,56.93,870.27,2026-03-01T12:26:55.073988Z
865,62456,"Peters, Mckenzie and Alexander",invoiced,USD,7118.4,498.29,7616.69,2026-03-01T12:26:55.110431Z
866,25439,Smith LLC,created,GBP,0.33,0.07,0.4,2026-03-01T12:26:55.222346Z
867,27433,"Stevens, Mata and Carrillo",confirmed,GBP,639.34,127.87,767.21,2026-03-01T12:27:06.926126Z
868,62649,Murphy PLC,confirmed,USD,11985.0,838.95,12823.95,2026-03-01T12:26:55.304440Z
869,64210,"Sanders, Jensen and Bryant",paid,EUR,2.08,0.42,2.5,2026-03-01T12:26:55.399339Z
870,42079,Wallace-Wood,paid,GBP,2874.0,574.8,3448.8,2026-03-01T12:26:55.418642Z
871,55597,"Valencia, Rosales and Cortez",paid,USD,4613.01,322.91,4935.92,2026-03-01T12:27:06.930709Z
872,81744,Anderson-Jordan,invoiced,USD,8936.61,625.56,9562.17,2026-03-01T12:26:55.473136Z
873,28466,"Knight, Torres and Mullen",confirmed,GBP,30362.87,6072.57,36435.44,2026-03-01T12:26:55.584904Z
874,78074,Gomez Inc,created,GBP,4780.0,956.0,5736.0,2026-03-01T12:26:55.608649Z
875,75970,Adkins-Trujillo,confirmed,USD,1.93,0.14,2.07,2026-03-01T12:26:55.683650Z
876,12821,"Green, Fisher and Miller",invoiced,USD,33530.34,2347.12,35877.46,2026-03-01T12:26:55.772171Z
877,38982,Bruce-Oneill,created,USD,39950.0,2796.5,42746.5,2026-03-01T12:26:55.889066Z
878,81248,"Campbell, Atkins and Peterson",confirmed,GBP,31162.93,6232.59,37395.52,2026-03-01T12:26:55.955445Z
879,20189,"Cox, Gaines and Lopez",created,GBP,4179.98,836.0,5015.98,2026-03-01T12:26:55.974729Z
880,23931,Gross Ltd,invoiced,GBP,986.36,197.27,1183.63,2026-03-01T12:26:55.997504Z
881,97751,Jackson-West,created,USD,1.65,0.12,1.77,2026-03-01T12:26:56.100627Z
882,11531,"May, Braun and Taylor",created,GBP,6570.9,1314.18,7885.08,2026-03-01T12:26:56.141974Z
883,82900,Martin PLC,created,USD,8161.88,571.33,8733.21,2026-03-01T12:26:56.138685Z
884,98718,Cameron Group,confirmed,USD,2673.0,187.11,2860.11,2026-03-01T12:26:56.203987Z
885,58336,Meza-Olsen,created,USD,5.34,0.37,5.71,2026-03-01T12:26:56.257141Z
886,35037,"Hansen, Martinez and Evans",invoiced,USD,7363.22,515.43,7878.65,2026-03-01T12:26:56.375453Z
887,74785,Freeman-Gonzalez,created,EUR,0.86,0.17,1.03,2026-03-01T12:26:56.410059Z
888,20465,Silva-Moon,paid,USD,33964.0,2377.48,36341.48,2026-03-01T12:26:56.481650Z
889,93714,"Mcbride, Young and Miller",invoiced,USD,21637.23,1514.61,23151.84,2026-03-01T12:26:56.549010Z
890,16340,Campbell-Adams,created,GBP,15181.0,3036.2,18217.2,2026-03-01T12:26:56.582936Z
891,93275,Hill-Young,invoiced,GBP,26134.0,5226.8,31360.8,2026-03-01T12:27:07.060003Z
892,39635,Beck-Whitaker,created,USD,595.39,41.68,637.07,2026-03-01T12:26:56.643184Z
893,76032,Clark-Guerrero,invoiced,USD,6972.05,488.04,7460.09,2026-03-01T12:26:56.776855Z
894,67992,Campbell-Frazier,paid,EUR,3.76,0.75,4.51,2026-03-01T12:26:56.796023Z
895,94926,Simmons PLC,created,USD,1.19,0.08,1.27,2026-03-01T12:26:56.902015Z
896,36053,"Wilson, Morris and Mccoy",paid,GBP,0.97,0.19,1.16,2026-03-01T12:26:56.935054Z
897,16269,Potter Group,confirmed,GBP,2.66,0.53,3.19,2026-03-01T12:26:56.924474Z
898,64819,Miller Inc,confirmed,USD,3582.0,250.74,3832.74,2026-03-01T12:26:57.002492Z
899,26951,Harmon Ltd,invoiced,EUR,1.13,0.23,1.36,2026-03-01T12:26:57.078849Z
900,91800,Brooks Inc,invoiced,GBP,988.75,197.75,1186.5,2026-03-01T12:26:57.157194Z
901,66520,"Phillips, Silva and Cruz",confirmed,USD,5573.89,390.17,5964.06,2026-03-01T12:26:57.140845Z
902,45776,"Walters, Castillo and Lawrence",paid,EUR,2576.46,515.29,3091.75,2026-03-01T12:26:57.211453Z
903,15521,"Valdez, Roberts and Lopez",created,GBP,12338.2,2467.64,14805.84,2026-03-01T12:26:57.297683Z
904,88901,Hunt-Morrison,invoiced,GBP,17965.76,3593.15,21558.91,2026-03-01T12:26:57.391982Z
905,99663,Reed-Medina,created,GBP,7562.06,1512.41,9074.47,2026-03-01T12:26:57.382984Z
906,10155,Gamble-Harrington,confirmed,EUR,5565.64,1113.13,6678.77,2026-03-01T12:26:57.481129Z
907,62798,Strong LLC,confirmed,USD,5446.44,381.25,5827.69,2026-03-01T12:27:07.120106Z
908,94741,Richard and Sons,created,USD,33558.1,2349.07,35907.17,2026-03-01T12:27:09.232826Z
909,36995,"Sanders, Briggs and Young",paid,USD,0.32,0.02,0.34,2026-03-01T12:26:57.619988Z
910,91769,"Hayes, Bowman and Mendez",created,USD,15181.0,1062.67,16243.67,2026-03-01T12:26:57.664181Z
911,69935,Buck-Cline,invoiced,EUR,3.45,0.69,4.14,2026-03-01T12:26:57.745082Z
912,78990,"Small, Collins and Castro",paid,USD,0.45,0.03,0.48,2026-03-01T12:26:57.795743Z
913,22396,Woods Ltd,created,EUR,0.24,0.05,0.29,2026-03-01T12:26:57.872343Z
914,17592,Pratt-Yang,confirmed,EUR,4378.21,875.64,5253.85,2026-03-01T12:26:57.929071Z
915,32698,Robles-Webb,confirmed,EUR,0.63,0.13,0.76,2026-03-01T12:26:57.920414Z
916,99729,"Blanchard, Bird and Robles",created,USD,22137.35,1549.61,23686.96,2026-03-01T12:26:58.010224Z
917,78539,"Blankenship, Farley and Williams",created,EUR,58.4,11.68,70.08,2026-03-01T12:26:58.084324Z
918,93741,Espinoza-Thomas,paid,EUR,7962.12,1592.42,9554.54,2026-03-01T12:26:58.133781Z
919,98770,"Mclaughlin, Mitchell and Castro",paid,EUR,986.0,197.2,1183.2,2026-03-01T12:26:58.206324Z
920,89398,Russell-Hernandez,confirmed,GBP,15848.0,3169.6,19017.6,2026-03-01T12:26:58.225561Z
921,55516,Sullivan-Munoz,confirmed,GBP,4257.0,851.4,5108.4,2026-03-01T12:26:58.323039Z
922,16576,"Mcintosh, Bradshaw and Henry",invoiced,GBP,377.0,75.4,452.4,2026-03-01T12:27:04.607167Z
923,72712,George PLC,created,GBP,2977.16,595.43,3572.59,2026-03-01T12:26:55.829518Z
924,84068,Ellis-Norris,created,EUR,36247.16,7249.43,43496.59,2026-03-01T12:26:58.388964Z
925,22223,Spence Ltd,paid,EUR,2465.0,493.0,2958.0,2026-03-01T12:26:58.457941Z
926,94609,Nash-Shaffer,invoiced,GBP,3196.0,639.2,3835.2,2026-03-01T12:26:58.558052Z
927,93292,Miller Inc,created,GBP,87.0,17.4,104.4,2026-03-01T12:26:58.524884Z
928,50051,Ryan-Frank,invoiced,EUR,2.08,0.42,2.5,2026-03-01T12:26:58.665551Z
929,35340,"Jones, Floyd and Jacobson",confirmed,GBP,27166.12,5433.22,32599.34,2026-03-01T12:26:58.711273Z
930,78121,Ruiz PLC,invoiced,EUR,8789.87,1757.97,10547.84,2026-03-01T12:26:58.695114Z
931,65572,Cohen-Duncan,paid,GBP,5477.24,1095.45,6572.69,2026-03-01T12:26:58.748022Z
932,77728,Callahan Ltd,invoiced,EUR,3267.57,653.51,3921.08,2026-03-01T12:26:58.821205Z
933,79356,"Thompson, Shaw and Stanley",invoiced,EUR,23735.0,4747.0,28482.0,2026-03-01T12:26:58.916955Z
934,70478,Smith Inc,invoiced,USD,24770.44,1733.93,26504.37,2026-03-01T12:27:07.229425Z
935,99870,"Chavez, Williams and Jackson",confirmed,EUR,2.41,0.48,2.89,2026-03-01T12:26:59.039312Z
936,30288,Frederick-Johnson,invoiced,GBP,150.2,30.04,180.24,2026-03-01T12:26:59.037625Z
937,80349,Welch PLC,paid,EUR,1017.43,203.49,1220.92,2026-03-01T12:26:59.151839Z
938,68860,Wood-Maldonado,paid,USD,5914.01,413.98,6327.99,2026-03-01T12:26:59.210450Z
939,22775,Robinson LLC,confirmed,USD,7363.98,515.48,7879.46,2026-03-01T12:26:59.231028Z
940,57019,Smith-Sandoval,invoiced,GBP,0.79,0.16,0.95,2026-03-01T12:26:59.254532Z
941,56901,"Patel, Rodgers and Fleming",paid,EUR,1015.08,203.02,1218.1,2026-03-01T12:26:59.315958Z
942,61775,Dalton Ltd,confirmed,GBP,3196.0,639.2,3835.2,2026-03-01T12:26:59.392607Z
943,80971,Nichols and Sons,confirmed,EUR,2488.53,497.71,2986.24,2026-03-01T12:26:59.484987Z
944,11542,Ellison-Medina,invoiced,USD,25568.0,1789.76,27357.76,2026-03-01T12:27:07.205850Z
945,67064,Wolfe-Hogan,confirmed,GBP,9355.08,1871.02,11226.1,2026-03-01T12:26:59.571216Z
946,14410,"Wong, Dickson and Burns",created,EUR,0.35,0.07,0.42,2026-03-01T12:26:59.661367Z
947,36084,"Hill, Kelly and Rodriguez",paid,USD,2575.82,180.31,2756.13,2026-03-01T12:26:59.690152Z
948,78405,Townsend-Johnson,invoiced,GBP,0.49,0.1,0.59,2026-03-01T12:26:59.790727Z
949,54065,"Richardson, Weiss and Adams",created,GBP,2859.0,571.8,3430.8,2026-03-01T12:26:59.812088Z
950,37813,Steele Group,created,EUR,1.15,0.23,1.38,2026-03-01T12:26:59.808948Z
951,33260,Carson-Scott,created,EUR,36245.2,7249.04,43494.24,2026-03-01T12:26:59.942445Z
952,25003,"Williams, Lopez and Martin",confirmed,GBP,0.84,0.17,1.01,2026-03-01T12:26:59.917642Z
953,10532,Hughes LLC,created,EUR,1791.78,358.36,2150.14,2026-03-01T12:27:00.067044Z
954,32665,"Brown, Dickerson and Graves",paid,USD,3466.15,242.63,3708.78,2026-03-01T12:27:00.106252Z
955,97138,Gibson-Gilbert,created,USD,12114.29,848.0,12962.29,2026-03-01T12:27:00.143946Z
956,99563,Hernandez-Rodgers,paid,GBP,4653.92,930.78,5584.7,2026-03-01T12:27:00.213595Z
957,70636,Noble and Sons,invoiced,EUR,23037.34,4607.47,27644.81,2026-03-01T12:27:00.266951Z
958,52309,"Mclean, Castillo and Reynolds",paid,EUR,8177.0,1635.4,9812.4,2026-03-01T12:27:00.312995Z
959,72236,Rodriguez Group,invoiced,USD,1.56,0.11,1.67,2026-03-01T12:27:00.348428Z
960,60890,"Thompson, Small and Carter",confirmed,EUR,12119.0,2423.8,14542.8,2026-03-01T12:27:07.249693Z
961,93996,"Brown, Barnes and Stephens",created,GBP,0.69,0.14,0.83,2026-03-01T12:27:00.429675Z
962,43190,"Pearson, Kim and Anderson",created,USD,0.24,0.02,0.26,2026-03-01T12:27:00.534437Z
963,80716,Lewis-Preston,created,GBP,1.39,0.28,1.67,2026-03-01T12:27:08.470657Z
964,76125,Hawkins-Donovan,confirmed,EUR,11197.0,2239.4,13436.4,2026-03-01T12:27:07.422019Z
965,40145,Morris-Holt,invoiced,GBP,41132.0,8226.4,49358.4,2026-03-01T12:27:00.638018Z
966,14330,Barrett-Freeman,confirmed,EUR,2277.0,455.4,2732.4,2026-03-01T12:27:00.772348Z
967,78948,Lewis Group,paid,GBP,22778.44,4555.69,27334.13,2026-03-01T12:27:00.818213Z
968,22863,Hampton-Andrews,confirmed,GBP,8144.85,1628.97,9773.82,2026-03-01T12:27:00.807314Z
969,59538,"Cuevas, Davis and Stark",created,GBP,10761.0,2152.2,12913.2,2026-03-01T12:27:00.941823Z
970,47472,"Rodriguez, Davis and Hansen",paid,EUR,9552.06,1910.41,11462.47,2026-03-01T12:27:00.930416Z
971,44483,Archer Ltd,created,EUR,3465.0,693.0,4158.0,2026-03-01T12:27:01.003440Z
972,25740,"Russell, James and Villarreal",confirmed,USD,2.88,0.2,3.08,2026-03-01T12:27:01.110771Z
973,30341,"Williams, Barnes and Baker",invoiced,GBP,1073.21,214.64,1287.85,2026-03-01T12:27:01.125732Z
974,53173,"Guzman, Salazar and Steele",invoiced,GBP,15124.0,3024.8,18148.8,2026-03-01T12:27:07.442267Z
975,74849,"Horton, Newman and Hoffman",confirmed,USD,4749.34,332.45,5081.79,2026-03-01T12:27:01.269356Z
976,53466,"Cohen, Richard and Brown",paid,EUR,1782.96,356.59,2139.55,2026-03-01T12:27:01.324996Z
977,92623,Schneider LLC,invoiced,USD,1045.1,73.16,1118.26,2026-03-01T12:27:01.329497Z
978,87451,Chang Group,created,GBP,1.31,0.26,1.57,2026-03-01T12:27:01.379965Z
979,71360,Tyler Inc,confirmed,USD,32931.21,2305.18,35236.39,2026-03-01T12:27:01.421978Z
980,65976,Irwin-Thompson,confirmed,USD,1792.03,125.44,1917.47,2026-03-01T12:27:07.519144Z
981,38757,Taylor LLC,paid,EUR,1.12,0.22,1.34,2026-03-01T12:27:01.531142Z
982,76174,Roberson Inc,paid,USD,1160.01,81.2,1241.21,2026-03-01T12:27:01.617735Z
983,96893,"Blake, Bennett and Tran",confirmed,USD,3255.0,227.85,3482.85,2026-03-01T12:27:08.646989Z
984,92392,Kennedy Inc,created,EUR,3.97,0.79,4.76,2026-03-01T12:27:01.755995Z
985,53364,Richardson Group,created,USD,497.29,34.81,532.1,2026-03-01T12:27:01.799002Z
986,25837,Cox Inc,paid,EUR,26367.05,5273.41,31640.46,2026-03-01T12:27:01.803848Z
987,79829,"Mack, Moreno and Brown",invoiced,GBP,1218.74,243.75,1462.49,2026-03-01T12:27:01.912751Z
988,49821,"Rodriguez, Garcia and Miller",paid,USD,14007.0,980.49,14987.49,2026-03-01T12:27:02.000249Z
989,20789,Evans Ltd,created,GBP,3.38,0.68,4.06,2026-03-01T12:27:02.036255Z
990,75778,Barber LLC,confirmed,USD,1.86,0.13,1.99,2026-03-01T12:27:07.606380Z
991,29305,Rios-Roberts,confirmed,GBP,17578.0,3515.6,21093.6,2026-03-01T12:27:02.078697Z
992,36059,Lindsey-Smith,created,USD,0.04,0.0,0.04,2026-03-01T12:27:07.710647Z
993,18059,Thomas LLC,invoiced,GBP,1.76,0.35,2.11,2026-03-01T12:27:02.243101Z
994,26653,"Parsons, James and Valdez",paid,USD,15600.04,1092.0,16692.04,2026-03-01T12:27:02.274079Z
995,33827,Gill-Lambert,created,USD,2.4,0.17,2.57,2026-03-01T12:27:02.319518Z
996,68167,Werner-Garcia,invoiced,EUR,21576.04,4315.21,25891.25,2026-03-01T12:27:02.378576Z
997,71040,Evans-Thompson,confirmed,USD,0.3,0.02,0.32,2026-03-01T12:27:02.428369Z
998,31605,Crane-Patel,invoiced,EUR,27965.62,5593.12,33558.74,2026-03-01T12:27:02.537809Z
999,98972,Mosley PLC,invoiced,GBP,7164.0,1432.8,8596.8,2026-03-01T12:27:02.577619Z
1000,66226,"Hodges, Long and Brown",paid,EUR,1.44,0.29,1.73,2026-03-01T12:27:02.661656Z
